,Country,Year,Status,Adult Mortality,infant deaths,Alcohol,percentage expenditure,Hepatitis B,Measles , BMI ,under-five deaths ,Polio,Total expenditure,Diphtheria , HIV/AIDS,GDP,Population, thinness  1-19 years, thinness 5-9 years,Income composition of resources,Schooling
2399,South Africa,2009,Developing,449.0,46,7.6,782.5987144,74.0,5857,46.4,70,75.0,8.39,76.0,19.0,5888.6284,5255813.11,8.1,9.8,0.622,12.8
196,Bangladesh,2011,Developing,14.0,118,0.01,62.34988484,96.0,5625,15.8,150,96.0,3.16,96.0,0.1,835.789341,153911916.0,18.7,19.2,0.545,9.4
2316,Singapore,2012,Developed,59.0,0,1.89,6041.858981,97.0,42,32.4,0,97.0,4.22,97.0,0.1,54431.16199,,2.2,2.1,0.917,15.4
1735,Montenegro,2012,Developing,11.0,0,0.01,648.1331781,9.0,0,6.2,0,94.0,7.25,94.0,0.1,6586.71929,6261.0,1.9,1.9,0.797,15.1
1102,Guinea-Bissau,2003,Developing,38.0,5,2.16,2.527115422,,1158,19.0,8,65.0,5.62,6.0,4.6,36.5718585,132122.0,9.6,9.5,0.0,7.4
1194,India,2007,Developing,26.0,1400,1.59,5.234770324,6.0,41144,14.4,1900,67.0,4.23,64.0,0.3,118.166373,1179681239.0,27.1,28.0,0.546,9.9
1507,Libya,2014,Developing,143.0,2,0.01,0.0,94.0,372,63.8,2,94.0,4.97,94.0,0.1,,,5.7,5.5,0.73,13.4
1161,Hungary,2008,Developed,165.0,1,11.64,181.7634078,,0,6.5,1,99.0,7.33,99.0,0.1,15669.25929,138188.0,1.9,1.9,0.812,15.3
322,Bosnia and Herzegovina,2013,Developing,9.0,0,4.12,75.61062911,91.0,0,54.7,0,87.0,9.46,89.0,0.1,535.86555,364999.0,2.4,2.4,0.735,14.2
1352,Kazakhstan,2009,Developing,235.0,7,6.64,808.243302,99.0,0,48.5,8,99.0,4.13,98.0,0.1,7165.2775,169271.0,2.3,2.5,0.758,14.6
2185,Saint Vincent and the Grenadines,2014,Developing,157.0,0,7.01,0.0,98.0,0,53.1,0,97.0,8.63,98.0,0.1,,,3.5,3.4,0.72,13.3
211,Barbados,2012,Developing,12.0,0,8.61,260.0043858,87.0,0,52.2,0,88.0,7.43,87.0,0.1,15384.8749,,3.8,3.8,0.785,15.3
2933,Zimbabwe,2004,Developing,723.0,27,4.36,0.0,68.0,31,27.1,42,67.0,7.13,65.0,33.6,454.366654,12777511.0,9.4,9.4,0.407,9.2
2917,Zambia,2004,Developing,578.0,36,2.46,8.369851529,,35,18.0,59,84.0,7.33,83.0,17.6,53.2772217,11731746.0,7.2,7.1,0.456,10.5
1748,Morocco,2015,Developing,95.0,17,,0.0,99.0,17,58.5,20,99.0,,99.0,0.1,2847.285569,3483322.0,6.4,6.2,0.645,12.1
2269,Serbia,2011,Developing,127.0,1,9.56,915.3190791,94.0,370,57.7,1,94.0,9.72,94.0,0.1,6423.291783,723499.0,2.2,2.2,0.757,13.5
554,Chile,2005,Developing,93.0,2,7.57,954.9644887,,0,57.4,2,92.0,6.69,91.0,0.1,7615.3468,1614764.0,0.9,1.0,0.79,14.6
643,Croatia,2013,Developed,97.0,0,12.39,1899.107385,96.0,0,62.5,0,96.0,7.83,96.0,0.1,13574.749,4255689.0,1.5,1.5,0.817,14.9
511,Canada,2000,Developing,82.0,2,7.6,3787.49456,,206,57.8,2,88.0,8.67,89.0,0.1,24124.16917,37697.0,0.5,0.5,0.864,15.9
2869,Venezuela (Bolivarian Republic of),2004,Developing,161.0,10,7.55,0.0,82.0,0,55.9,11,83.0,4.78,86.0,0.1,,,1.7,1.6,0.687,11.6
2156,Rwanda,2010,Developing,26.0,16,7.92,63.78723633,97.0,121,18.3,23,93.0,7.91,97.0,2.3,563.491487,1246842.0,6.5,6.3,0.454,10.0
1318,Japan,2011,Developed,64.0,3,7.39,9498.729062,,434,27.4,4,96.0,1.7,97.0,0.1,48167.99727,127833.0,1.9,1.6,0.884,15.1
439,Côte d'Ivoire,2008,Developing,437.0,60,2.69,0.0,74.0,12,23.8,85,58.0,6.21,74.0,4.1,,,6.6,6.6,,
1362,Kenya,2015,Developing,249.0,54,,0.0,89.0,95,22.0,75,83.0,,89.0,2.8,1349.97144,47236259.0,7.8,7.6,0.55,11.1
785,Dominican Republic,2000,Developing,176.0,7,6.58,44.79247812,68.0,253,43.1,9,71.0,5.9,78.0,2.5,282.4242,8562622.0,3.8,3.7,0.651,12.2
1488,Lesotho,2001,Developing,586.0,5,2.86,38.57187011,,217,25.4,7,78.0,7.53,78.0,31.2,437.819184,1885955.0,11.1,11.1,0.443,10.3
1476,Lesotho,2013,Developing,518.0,4,0.01,153.3443147,93.0,516,31.4,6,9.0,11.7,93.0,9.6,1196.1335,2117361.0,6.1,5.9,0.484,11.1
2666,Tunisia,2014,Developing,12.0,3,1.39,604.8701316,98.0,15,6.2,3,98.0,7.0,98.0,0.1,4271.68172,1114398.0,6.5,6.4,0.722,14.7
471,Cambodia,2008,Developing,199.0,16,2.24,53.10009046,91.0,4211,15.3,18,91.0,5.55,91.0,0.7,745.7877873,138859.0,11.2,11.4,0.511,10.5
745,Denmark,2007,Developed,93.0,0,10.99,9703.068121,,2,55.9,0,87.0,9.99,87.0,0.1,58487.451,5461438.0,1.2,0.9,0.904,16.7
1750,Morocco,2013,Developing,97.0,18,0.45,179.8598949,99.0,92,56.5,21,99.0,5.94,99.0,0.1,3111.762887,33824769.0,6.4,6.2,0.634,12.1
1608,Maldives,2009,Developing,75.0,0,1.59,100.503021,98.0,6,21.2,0,98.0,9.22,98.0,0.1,597.1659,36.0,14.1,14.2,0.651,11.8
1659,Mauritania,2007,Developing,219.0,8,0.02,7.35400072,74.0,11,25.5,12,75.0,3.54,75.0,1.3,113.3128,3312665.0,9.4,9.1,0.475,7.4
1814,Nepal,2014,Developing,158.0,18,0.01,8.523486403,92.0,1279,18.5,22,92.0,5.8,92.0,0.1,76.2386977,28323241.0,15.9,16.3,0.551,12.4
1512,Libya,2009,Developing,132.0,2,0.01,63.55170297,98.0,329,59.0,2,98.0,3.16,98.0,0.1,1296.97353,,5.6,5.4,0.757,14.6
766,Djibouti,2002,Developing,322.0,2,1.03,13.46662004,,50,29.0,2,62.0,5.45,62.0,4.3,792.15412,746221.0,6.2,6.0,0.372,3.3
980,Georgia,2013,Developing,128.0,1,5.91,180.3787034,96.0,7872,54.4,1,94.0,7.25,93.0,0.1,4274.376857,3776.0,2.7,2.8,0.755,13.5
1070,Guatemala,2003,Developing,24.0,15,2.45,249.3262948,,0,42.4,19,84.0,6.88,84.0,0.4,1753.349471,125478.0,1.4,1.4,0.56,9.0
696,Czechia,2008,Developed,16.0,0,13.25,0.0,99.0,2,62.6,0,99.0,6.82,99.0,0.1,,,1.9,2.0,,
1610,Maldives,2007,Developing,82.0,0,1.78,6.491488598,98.0,20,19.5,0,98.0,6.64,98.0,0.1,52.862285,349.0,14.3,14.4,0.632,11.9
479,Cambodia,2000,Developing,274.0,27,1.51,0.328418056,,12237,12.1,36,62.0,5.87,59.0,2.1,3.685949,12152354.0,11.6,11.9,0.401,7.2
1720,Mongolia,2011,Developing,235.0,1,0.01,257.8403154,99.0,0,48.0,2,99.0,4.45,99.0,0.1,3769.595255,2761516.0,2.2,2.3,0.701,14.6
1646,Malta,2003,Developed,71.0,0,6.7,1678.392773,89.0,4,63.9,0,94.0,8.6,94.0,0.1,13689.98999,398582.0,0.7,0.7,0.79,13.8
2379,Somalia,2013,Developing,318.0,51,0.01,0.0,42.0,3173,23.3,81,47.0,,42.0,0.8,47.5432354,,6.8,6.6,,
543,Chad,2000,Developing,44.0,41,0.25,21.52701616,,3546,13.9,74,3.0,6.28,36.0,4.6,166.231785,8342559.0,11.5,11.4,0.0,4.7
1703,Micronesia (Federated States of),2011,Developing,169.0,0,1.89,0.0,83.0,0,67.0,0,83.0,13.76,84.0,0.1,,,0.2,0.2,0.638,11.7
1297,Italy,2000,Developed,77.0,3,9.78,31.50582204,94.0,1457,55.0,3,97.0,7.91,87.0,0.1,251.2426,5694218.0,0.5,0.5,0.823,14.8
2369,Solomon Islands,2007,Developing,2.0,0,0.85,28.90135229,9.0,0,43.8,0,93.0,6.42,9.0,0.1,146.931125,49294.0,1.2,1.2,0.482,9.0
318,Bolivia (Plurinational State of),2001,Developing,238.0,14,2.2,0.0,77.0,0,43.3,19,71.0,6.31,71.0,0.1,,,1.5,1.4,0.607,13.7
966,Gambia,2011,Developing,277.0,3,3.41,0.0,96.0,0,24.8,5,95.0,6.24,96.0,1.8,,,8.0,7.9,0.441,8.7
1345,Jordan,2000,Developing,133.0,4,0.49,227.296617,93.0,32,54.0,4,94.0,9.65,91.0,0.1,1657.889256,51313.0,4.0,4.0,0.7,12.6
2242,Saudi Arabia,2006,Developing,1.0,9,0.08,1395.454965,96.0,807,6.9,10,96.0,3.55,96.0,0.1,15334.66994,,7.2,7.3,0.767,12.5
2374,Solomon Islands,2002,Developing,22.0,0,1.08,156.2847968,75.0,0,39.6,0,78.0,6.9,78.0,0.1,784.9562874,435262.0,1.4,1.4,0.446,7.3
2472,Sudan,2000,Developing,284.0,71,1.76,30.86000992,,2875,,109,62.0,3.23,62.0,0.1,361.35843,2725535.0,,,0.394,5.5
2603,Timor-Leste,2013,Developing,158.0,2,0.01,3.379874844,82.0,4,16.6,2,82.0,1.29,82.0,0.1,117.765674,1184366.0,11.1,11.2,0.62,12.5
1673,Mauritius,2009,Developing,166.0,0,2.83,624.2361828,99.0,15,3.2,0,99.0,4.97,99.0,0.1,7318.12641,1247429.0,7.3,7.3,0.734,13.8
2827,Uzbekistan,2014,Developing,184.0,16,0.01,0.442802404,99.0,8,43.9,18,99.0,5.84,99.0,0.1,25.448414,37577.0,3.0,3.1,0.69,12.1
2017,Peru,2005,Developing,148.0,13,4.44,411.5645653,94.0,0,48.8,16,66.0,4.72,77.0,0.4,2754.7829,276141.0,1.3,1.3,0.692,13.0
1967,Panama,2007,Developing,124.0,1,6.16,76.2508038,85.0,0,51.9,2,84.0,6.31,85.0,0.2,668.8667,345387.0,2.1,2.0,0.743,12.9
410,Burkina Faso,2005,Developing,313.0,48,4.88,8.769989329,,253,14.2,89,94.0,6.87,82.0,2.3,46.998871,1342193.0,1.3,9.8,0.0,4.3
1869,Nicaragua,2007,Developing,173.0,3,3.83,253.0007812,93.0,0,47.9,4,93.0,6.91,93.0,0.2,1344.31871,552216.0,2.0,1.9,0.601,11.0
2857,Vanuatu,2000,Developing,18.0,0,1.21,21.90075232,7.0,9,41.1,0,67.0,3.28,71.0,0.1,1469.849149,18563.0,1.7,1.7,0.0,9.6
1881,Niger,2011,Developing,241.0,50,0.15,32.22493445,75.0,771,17.7,93,4.0,6.66,75.0,0.7,375.5819866,1764636.0,1.5,1.3,0.323,4.8
51,Angola,2012,Developing,358.0,72,8.24,256.1225243,75.0,4458,21.5,110,75.0,3.3,75.0,2.6,4598.249988,259615.0,8.8,8.6,0.508,10.3
1574,Malawi,2011,Developing,441.0,32,1.23,13.77617463,97.0,26,18.0,50,97.0,11.67,97.0,11.2,512.125451,15627618.0,6.7,6.6,0.444,10.6
2430,Spain,2010,Developed,64.0,1,9.78,578.7417172,97.0,302,63.5,2,97.0,9.56,97.0,0.1,3736.228,46576897.0,0.6,0.5,0.86,16.4
2537,Syrian Arab Republic,2015,Developing,293.0,6,,0.0,41.0,45,57.1,8,5.0,,41.0,0.1,,18734987.0,6.3,6.1,0.553,9.0
423,Burundi,2008,Developing,35.0,23,4.33,15.99415192,92.0,173,15.2,35,89.0,7.86,92.0,2.9,196.2472628,8212264.0,7.9,7.9,0.319,7.9
2344,Slovakia,2000,Developed,147.0,0,11.06,0.0,98.0,0,5.7,1,98.0,5.5,99.0,0.1,,,1.6,1.7,0.761,13.0
1340,Jordan,2005,Developing,127.0,4,0.55,27.44252286,95.0,28,57.8,4,95.0,8.88,95.0,0.1,223.83787,5714111.0,3.9,3.8,0.73,13.8
331,Bosnia and Herzegovina,2004,Developing,99.0,0,4.25,3.479918859,36.0,28,49.9,0,87.0,9.4,84.0,0.1,265.642661,3781287.0,3.0,3.0,0.0,12.3
544,Chile,2015,Developing,82.0,2,,0.0,97.0,9,63.8,2,96.0,,96.0,0.1,13653.2264,17762681.0,0.8,0.8,0.845,16.3
1467,Lebanon,2006,Developing,1.0,1,1.82,534.5795695,78.0,956,61.4,1,75.0,8.83,78.0,0.1,5372.65899,45735.0,4.7,4.6,0.733,13.2
871,Estonia,2010,Developing,137.0,0,14.97,1802.017593,94.0,0,57.6,0,94.0,6.25,94.0,0.1,14638.6482,1331475.0,1.9,2.0,0.833,16.2
2724,Uganda,2005,Developing,446.0,99,10.09,44.52614001,64.0,22,14.5,155,59.0,9.36,64.0,8.7,315.788227,2854394.0,6.5,6.5,0.429,10.9
564,China,2011,Developing,91.0,215,5.63,91.26749779,99.0,9943,29.0,251,99.0,5.3,99.0,0.1,5633.79616,134413.0,4.1,3.5,0.7,12.8
2667,Tunisia,2013,Developing,13.0,3,1.29,594.6453102,98.0,16,59.3,3,98.0,7.26,98.0,0.1,4199.47253,1114558.0,6.4,6.3,0.72,14.7
354,Brazil,2013,Developing,146.0,46,7.24,916.270845,96.0,220,54.5,52,96.0,8.48,97.0,0.1,12216.9446,2248632.0,2.8,2.7,0.734,14.2
1939,Oman,2002,Developing,13.0,1,0.54,585.9170945,99.0,5,47.3,1,99.0,3.18,99.0,0.1,8629.11774,,7.1,6.8,0.716,11.0
1963,Panama,2011,Developing,121.0,1,6.9,119.2124275,87.0,4,54.9,1,91.0,7.5,87.0,0.1,927.723171,377782.0,2.0,1.9,0.758,12.9
67,Antigua and Barbuda,2012,Developing,134.0,0,8.18,2156.229842,98.0,0,45.7,0,97.0,5.39,98.0,0.2,12565.44197,,3.3,3.3,0.778,13.8
1639,Malta,2010,Developed,62.0,0,7.91,278.0687051,75.0,0,67.6,0,76.0,8.3,76.0,0.1,2187.79469,41458.0,0.8,0.7,0.819,14.6
2476,Suriname,2012,Developing,178.0,0,5.73,1168.324095,84.0,0,56.3,0,84.0,6.9,84.0,0.9,9272.413453,53777.0,3.5,3.4,0.708,12.7
1729,Mongolia,2002,Developing,263.0,2,2.43,55.60878216,98.0,1205,39.8,2,98.0,5.81,98.0,0.1,571.51883,2443659.0,2.4,2.5,0.599,10.1
2042,Poland,2012,Developed,125.0,2,10.81,230.040097,97.0,71,59.7,2,95.0,6.62,99.0,0.1,13145.1484,3863164.0,2.0,2.1,0.834,15.3
1797,Namibia,2014,Developing,242.0,2,0.01,751.3982719,88.0,477,34.9,3,88.0,8.93,88.0,2.2,5421.343953,237992.0,8.6,8.5,0.632,11.7
1223,Iran (Islamic Republic of),2010,Developing,16.0,22,0.03,0.0,99.0,538,53.6,26,99.0,8.2,99.0,0.1,,,7.8,8.0,0.735,12.9
680,Cyprus,2008,Developed,62.0,0,12.01,239.6409938,93.0,1,56.8,0,97.0,6.89,97.0,0.1,3539.7488,181563.0,0.9,1.0,0.844,13.7
557,Chile,2002,Developing,11.0,2,6.06,675.7808443,,0,55.4,3,97.0,6.48,97.0,0.1,4463.545867,15623635.0,1.0,1.0,0.768,13.9
694,Czechia,2010,Developed,99.0,0,12.69,0.0,99.0,0,63.6,0,99.0,7.43,99.0,0.1,,,1.9,2.0,,
756,Djibouti,2012,Developing,263.0,1,0.52,217.2125786,81.0,709,33.2,2,81.0,8.95,81.0,1.9,1536.15685,881185.0,5.6,5.5,0.46,6.3
2438,Spain,2002,Developed,83.0,2,12.26,228.3543024,82.0,67,58.8,2,98.0,7.25,98.0,0.1,1719.53541,41431558.0,0.6,0.5,0.828,15.7
1541,Luxembourg,2012,Developed,7.0,0,11.34,2284.58215,94.0,2,6.1,0,99.0,7.18,99.0,0.1,16749.136,53946.0,0.9,0.9,0.892,13.9
368,Brunei Darussalam,2015,Developing,78.0,0,,0.0,99.0,4,41.2,0,99.0,,99.0,0.1,3967.8951,,5.7,5.1,0.864,14.9
1354,Kazakhstan,2007,Developing,288.0,8,7.44,499.730412,94.0,13,47.3,9,94.0,3.19,93.0,0.1,6771.414797,15484192.0,2.4,2.5,0.754,14.7
1505,Liberia,2000,Developing,39.0,14,4.46,12.19709744,,5977,2.2,20,56.0,5.91,46.0,3.1,183.4149991,2884522.0,9.2,9.2,0.338,8.7
1222,Iran (Islamic Republic of),2011,Developing,93.0,22,0.03,0.0,99.0,73,54.8,25,99.0,7.12,99.0,0.1,,,7.9,8.1,0.745,13.1
2032,Philippines,2006,Developing,219.0,63,4.08,121.3625467,77.0,9,2.6,82,88.0,3.95,88.0,0.1,1391.772325,8789419.0,1.0,9.7,0.646,11.5
2375,Solomon Islands,2001,Developing,227.0,0,0.7,325.1114746,83.0,0,38.7,0,88.0,6.44,84.0,0.1,944.81684,423853.0,1.4,1.4,0.442,6.6
1919,Norway,2006,Developed,7.0,0,6.47,12829.25408,,0,57.0,0,94.0,8.43,94.0,0.1,74114.69715,466677.0,0.8,0.7,0.931,17.5
2138,Russian Federation,2012,Developing,237.0,14,10.99,178.8225911,97.0,2123,58.7,16,98.0,6.88,97.0,0.3,15154.45687,14321676.0,2.3,2.4,0.792,14.3
533,Chad,2010,Developing,364.0,46,0.5,43.57328908,39.0,194,17.1,80,43.0,2.95,39.0,4.1,896.5697341,1188722.0,9.4,9.3,0.36,6.7
1739,Montenegro,2008,Developing,121.0,0,6.17,709.1311228,93.0,0,57.8,0,95.0,6.13,95.0,0.1,7325.73474,616969.0,2.1,2.1,0.774,14.2
324,Bosnia and Herzegovina,2011,Developing,92.0,0,4.64,7.959131146,88.0,10,53.7,0,89.0,9.71,88.0,0.1,55.156834,3688865.0,2.6,2.5,0.711,13.4
2924,Zimbabwe,2013,Developing,399.0,25,6.39,10.66670728,95.0,0,3.8,36,95.0,6.88,95.0,6.8,111.227396,155456.0,6.2,6.0,0.488,10.4
2265,Serbia,2015,Developing,121.0,1,,0.0,94.0,383,6.0,1,95.0,,95.0,0.1,5237.255334,795383.0,2.0,2.0,0.775,14.4
836,Equatorial Guinea,2013,Developing,327.0,3,10.72,156.3907685,,321,23.5,4,3.0,3.73,3.0,5.7,2246.9938,183746.0,8.6,8.6,0.586,9.2
2876,Viet Nam,2013,Developing,129.0,28,4.0,0.0,59.0,1123,16.0,35,93.0,7.17,59.0,0.1,,,14.3,14.9,0.668,12.3
1559,Madagascar,2010,Developing,248.0,32,1.03,76.60442169,7.0,1,18.0,45,7.0,4.86,7.0,0.5,412.739341,2115164.0,7.6,7.5,0.503,10.2
203,Bangladesh,2004,Developing,158.0,185,0.01,4.11469667,11.0,9743,12.0,247,88.0,2.62,99.0,0.1,46.7579167,14137489.0,2.1,2.7,0.491,8.1
2429,Spain,2011,Developed,63.0,1,9.62,4873.8188,97.0,3802,64.1,2,97.0,9.48,97.0,0.1,31834.21816,46742697.0,0.6,0.5,0.867,16.9
256,Belize,2015,Developing,175.0,0,,0.0,94.0,0,5.9,0,94.0,,94.0,0.2,4849.997495,359288.0,3.5,3.4,0.706,12.8
498,Canada,2013,Developing,67.0,2,8.2,9733.228019,55.0,83,65.8,2,91.0,1.67,91.0,0.1,52413.72116,35155451.0,0.5,0.5,0.909,15.9
612,Congo,2011,Developing,285.0,7,3.82,0.0,7.0,315,25.0,10,69.0,2.79,82.0,3.5,,,8.0,7.6,0.558,10.7
2756,United Arab Emirates,2005,Developing,92.0,1,1.79,3427.320332,92.0,29,56.6,1,94.0,2.32,94.0,0.1,39439.8197,,5.1,4.9,0.818,12.6
124,Australia,2003,Developed,71.0,1,9.97,3829.550928,95.0,91,6.3,1,92.0,8.32,93.0,0.1,23465.38559,198954.0,0.7,0.7,0.905,20.6
2524,Switzerland,2012,Developed,54.0,0,9.86,18379.32974,,61,56.2,0,96.0,11.59,96.0,0.1,83164.38795,7996861.0,0.5,0.3,0.932,15.7
2127,Romania,2007,Developed,154.0,3,10.6,919.1673438,99.0,353,55.0,3,96.0,5.21,96.0,0.1,8214.185378,2882982.0,3.2,3.6,0.766,14.1
1438,Lao People's Democratic Republic,2003,Developing,259.0,12,3.41,0.0,5.0,1810,13.8,17,52.0,4.91,49.0,0.1,,,1.2,1.3,0.477,8.3
651,Croatia,2005,Developed,116.0,0,11.59,167.2319899,,2,57.5,0,96.0,6.89,96.0,0.1,1224.2459,4442.0,1.8,1.8,0.777,13.6
706,Democratic People's Republic of Korea,2014,Developing,142.0,6,0.01,0.0,93.0,3,32.4,8,99.0,,93.0,0.1,,,4.9,4.9,,
2874,Viet Nam,2015,Developing,127.0,28,,0.0,97.0,256,17.5,35,97.0,,97.0,0.1,,,14.2,14.5,0.678,12.6
2288,Seychelles,2008,Developing,184.0,0,6.33,701.8526364,99.0,0,31.8,0,99.0,2.64,99.0,0.1,11122.8627,86956.0,5.9,6.3,0.739,13.2
460,Cabo Verde,2003,Developing,144.0,0,4.16,209.0865,66.0,0,23.2,0,93.0,5.0,92.0,0.9,1768.92132,46147.0,8.9,8.9,0.572,11.3
1612,Maldives,2005,Developing,93.0,0,1.47,620.9518909,98.0,1395,18.0,0,98.0,9.52,98.0,0.1,3488.493769,321.0,14.4,14.5,0.625,12.1
2479,Suriname,2009,Developing,196.0,0,5.13,885.0739766,87.0,0,54.1,0,85.0,6.14,87.0,0.6,7443.85178,52619.0,3.5,3.4,0.696,12.1
811,Egypt,2006,Developing,175.0,55,0.18,0.0,98.0,953,54.2,66,98.0,5.24,98.0,0.1,,,3.2,3.1,0.636,11.5
978,Georgia,2015,Developing,129.0,1,,0.0,94.0,431,56.2,1,91.0,,94.0,0.1,3764.64912,37171.0,2.7,2.8,0.768,13.9
2656,Trinidad and Tobago,2008,Developing,185.0,0,6.41,1902.693048,9.0,0,4.2,0,91.0,4.4,9.0,0.3,21188.11857,1315372.0,6.1,6.4,0.767,12.4
32,Algeria,2015,Developing,19.0,21,,0.0,95.0,63,59.5,24,95.0,,95.0,0.1,4132.76292,39871528.0,6.0,5.8,0.743,14.4
1751,Morocco,2012,Developing,99.0,19,0.55,19.15853732,99.0,668,55.5,22,99.0,6.15,99.0,0.1,294.746728,33333789.0,6.3,6.2,0.623,11.6
1709,Micronesia (Federated States of),2005,Developing,178.0,0,1.9,0.0,91.0,0,63.6,0,94.0,12.11,94.0,0.1,,,0.2,0.2,0.617,10.7
2299,Sierra Leone,2013,Developing,47.0,23,0.01,1.321464076,92.0,15,23.3,33,92.0,11.59,92.0,0.8,71.8186998,692279.0,7.7,7.6,0.413,9.3
1328,Japan,2001,Developed,72.0,4,8.03,5486.51208,,22552,22.5,5,81.0,7.75,95.0,0.1,33846.46564,127149.0,1.7,1.4,0.856,14.6
1917,Norway,2008,Developed,67.0,0,6.75,1707.130633,,4,58.0,0,94.0,8.4,94.0,0.1,9688.5961,4768212.0,0.7,0.7,0.936,17.6
1399,Kuwait,2010,Developing,86.0,1,0.01,2009.575605,99.0,13,68.4,1,98.0,2.76,98.0,0.1,38497.61696,,3.3,3.2,0.79,13.5
944,France,2001,Developing,13.0,3,13.89,3451.185079,28.0,0,55.2,4,98.0,9.89,97.0,0.1,22527.31775,61357431.0,0.7,0.6,0.849,15.6
1358,Kazakhstan,2003,Developing,282.0,8,6.58,23.43400762,99.0,24,45.3,9,99.0,3.7,99.0,0.1,268.123657,149918.0,2.5,2.6,0.714,13.1
1039,Greece,2002,Developing,81.0,1,8.09,160.8897265,91.0,5,58.6,1,92.0,8.72,92.0,0.1,1411.31339,19222.0,0.8,0.8,0.811,14.6
1266,Israel,2015,Developing,58.0,0,,0.0,96.0,80,64.9,1,95.0,,95.0,0.1,35729.37253,8381.0,1.2,1.1,0.898,16.0
1511,Libya,2010,Developing,132.0,2,0.01,52.50394196,98.0,0,59.9,2,98.0,3.5,98.0,0.1,1212.56217,,5.6,5.4,0.755,14.3
2210,Samoa,2005,Developing,16.0,0,3.63,287.4671305,41.0,0,69.7,0,55.0,4.47,49.0,0.1,2571.262348,179929.0,0.2,0.2,0.671,12.6
1197,India,2004,Developing,214.0,1600,1.2,27.33800857,6.0,55443,13.0,2100,58.0,4.22,63.0,0.3,621.3183767,1126135777.0,27.2,28.2,0.518,9.2
1272,Israel,2009,Developing,63.0,1,2.55,508.6645438,98.0,5,62.6,1,96.0,7.46,96.0,0.1,27795.87671,74856.0,1.2,1.1,0.876,15.6
1588,Malaysia,2013,Developing,128.0,3,0.53,110.6779711,96.0,195,38.5,4,97.0,4.2,97.0,0.1,1882.27842,2976724.0,7.8,7.6,0.779,12.9
2492,Swaziland,2012,Developing,412.0,2,0.01,720.2333929,95.0,0,3.7,3,92.0,8.76,95.0,12.2,3851.51547,1248158.0,4.8,4.9,0.534,11.3
141,Austria,2002,Developed,9.0,0,12.5,3979.057728,81.0,0,51.2,0,82.0,1.27,83.0,0.1,26351.37568,881957.0,1.7,1.9,0.847,16.1
1766,Mozambique,2013,Developing,46.0,62,1.16,5.813338496,78.0,8,21.8,87,78.0,5.9,78.0,5.1,65.985681,26434372.0,3.6,3.5,0.405,9.1
1845,New Zealand,2015,Developed,66.0,0,8.7,0.0,92.0,10,67.5,0,92.0,,92.0,0.1,3821.8937,,0.4,0.3,0.913,19.2
2118,Republic of Moldova,2000,Developing,235.0,1,9.89,0.0,92.0,687,46.5,2,97.0,6.65,95.0,0.1,,,3.6,3.7,,
1105,Guinea-Bissau,2000,Developing,3.0,5,2.84,6.699418747,,0,17.4,9,52.0,4.94,49.0,3.1,297.7519443,1243229.0,1.2,1.2,0.0,6.4
2758,United Arab Emirates,2003,Developing,98.0,1,1.74,277.1818332,92.0,42,56.8,1,94.0,2.65,94.0,0.1,3323.52318,,5.2,5.0,0.808,12.3
1986,Papua New Guinea,2004,Developing,314.0,11,0.58,158.001946,6.0,1385,4.4,15,59.0,8.39,62.0,1.5,637.3616215,6161517.0,1.5,1.4,0.439,7.6
2428,Spain,2012,Developed,61.0,1,9.35,4255.781693,96.0,1204,64.8,2,97.0,9.39,97.0,0.1,28562.29324,4677355.0,0.6,0.5,0.871,17.2
2805,United States of America,2004,Developed,111.0,28,8.48,0.0,92.0,37,63.1,33,92.0,15.14,96.0,0.1,,,0.7,0.6,,
2813,Uruguay,2012,Developing,118.0,0,5.77,339.7190493,95.0,0,62.3,0,95.0,8.74,95.0,0.1,1592.6819,3396777.0,1.5,1.5,0.784,15.5
2576,Thailand,2008,Developing,162.0,11,5.92,609.9511632,98.0,7790,25.7,13,99.0,3.92,99.0,0.3,4378.68746,6654576.0,8.5,8.6,0.7,12.9
2357,Slovenia,2003,Developed,119.0,0,11.58,203.3252124,,0,52.9,0,95.0,8.77,95.0,0.1,1488.47154,1995733.0,2.0,2.1,0.843,16.1
1569,Madagascar,2000,Developing,283.0,44,1.16,35.66125056,,35256,13.9,68,58.0,5.8,57.0,0.6,245.939659,1576686.0,8.7,8.6,0.0,8.0
2038,Philippines,2000,Developing,219.0,69,4.73,11.69704463,7.0,7120,17.8,90,74.0,3.21,78.0,0.1,138.91977,77991569.0,1.0,9.6,0.618,11.4
309,Bolivia (Plurinational State of),2010,Developing,22.0,9,3.95,0.0,91.0,0,49.3,12,9.0,5.44,91.0,0.2,,,1.2,1.1,0.643,13.8
2258,Senegal,2006,Developing,236.0,23,0.34,10.43022617,89.0,3,19.9,38,89.0,5.44,89.0,0.7,89.838296,11556763.0,11.2,11.1,0.422,6.6
2590,The former Yugoslav republic of Macedonia,2010,Developing,18.0,0,1.47,0.0,9.0,217,57.4,0,95.0,6.83,95.0,0.1,,,2.3,2.3,0.732,13.0
2632,Togo,2000,Developing,339.0,14,1.1,2.02964427,,3578,16.6,22,63.0,4.35,64.0,5.1,26.3932935,497367.0,9.4,9.3,0.425,9.3
2793,United Republic of Tanzania,2000,Developing,457.0,114,3.89,0.0,,14649,16.0,181,64.0,2.64,79.0,12.8,,,8.3,8.3,,
175,Bahamas,2000,Developing,192.0,0,12.15,0.0,,0,54.4,0,91.0,5.21,99.0,0.1,,,2.7,2.6,0.0,12.0
296,Bhutan,2007,Developing,238.0,1,0.16,283.806236,95.0,11,18.0,1,93.0,5.88,95.0,0.3,1741.142552,686958.0,17.3,18.1,0.0,10.1
1238,Iraq,2011,Developing,144.0,32,0.17,285.119726,77.0,15,56.5,39,8.0,3.32,79.0,0.1,5854.614497,3172753.0,5.3,5.1,0.649,10.4
2388,Somalia,2004,Developing,341.0,49,0.01,0.0,,12008,19.4,80,3.0,,3.0,0.9,,,7.6,7.4,,
1678,Mauritius,2004,Developing,168.0,0,4.16,509.3899943,98.0,28,27.5,0,98.0,4.29,98.0,0.1,5229.876738,12213.0,7.8,7.7,0.696,12.8
2115,Republic of Moldova,2003,Developing,226.0,1,8.15,0.0,99.0,87,47.6,1,98.0,8.24,98.0,0.1,,,3.3,3.5,,
194,Bangladesh,2013,Developing,135.0,104,0.01,52.82986467,96.0,237,17.0,130,96.0,2.88,96.0,0.1,951.8894535,157571292.0,18.3,18.8,0.565,10.0
430,Burundi,2001,Developing,385.0,25,6.09,10.61917585,,0,13.0,40,72.0,4.96,81.0,5.3,133.7427689,6555829.0,8.8,8.8,0.268,4.5
321,Bosnia and Herzegovina,2014,Developing,89.0,0,4.03,732.8662491,89.0,3000,55.3,0,86.0,9.57,86.0,0.1,5193.94932,35662.0,2.4,2.4,0.742,14.2
178,Bahrain,2013,Developing,7.0,0,1.65,3.968695982,99.0,0,62.2,0,99.0,4.69,99.0,0.1,251.18329,,6.1,6.0,0.815,14.5
840,Equatorial Guinea,2009,Developing,34.0,3,7.97,115.0692415,,78,21.7,4,57.0,5.32,43.0,7.3,1653.2937,99111.0,9.2,9.2,0.59,9.1
1793,Myanmar,2002,Developing,235.0,71,0.41,3.421880938,,736,14.6,96,84.0,2.5,79.0,0.4,143.77651,471422.0,13.3,13.7,0.435,7.6
2346,Slovenia,2014,Developed,76.0,0,10.46,31.13492794,,52,59.5,0,95.0,9.23,95.0,0.1,242.67286,26198.0,1.4,1.4,0.888,17.6
1987,Papua New Guinea,2003,Developing,321.0,11,0.59,124.3789361,67.0,3863,39.6,14,62.0,6.79,68.0,1.4,588.3582595,61724.0,1.5,1.4,0.433,7.2
1213,Indonesia,2004,Developing,213.0,174,0.06,55.36107207,64.0,29171,18.2,237,79.0,2.37,71.0,0.1,1148.56996,223614649.0,1.9,1.9,0.624,11.0
2779,United Republic of Tanzania,2014,Developing,34.0,86,0.01,0.0,97.0,88,23.2,121,97.0,5.58,97.0,1.4,,,6.8,6.6,,
2921,Zambia,2000,Developing,614.0,44,2.62,45.61688038,,30930,16.8,72,85.0,7.16,85.0,18.7,341.955625,1531221.0,7.5,7.5,0.418,9.6
30,Albania,2001,Developing,14.0,1,4.25,96.20557078,96.0,18,46.0,1,97.0,6.0,97.0,0.1,1326.97339,36173.0,2.1,2.1,0.662,10.6
581,Colombia,2010,Developing,15.0,12,4.28,113.2436346,88.0,0,54.2,15,88.0,6.76,88.0,0.1,625.65544,4591897.0,2.2,2.0,0.695,12.8
1300,Jamaica,2013,Developing,136.0,1,3.79,5.457289334,93.0,0,52.7,1,86.0,5.91,93.0,0.6,56.144952,285187.0,1.8,1.7,0.727,12.8
1470,Lebanon,2003,Developing,15.0,1,2.19,527.9176618,74.0,526,59.7,1,74.0,9.3,74.0,0.1,5425.6697,371464.0,4.8,4.7,0.0,14.8
594,Comoros,2013,Developing,233.0,1,0.01,61.57443584,88.0,0,23.2,2,85.0,6.51,87.0,0.8,834.341949,7415.0,6.8,6.6,0.49,10.9
1740,Montenegro,2007,Developing,125.0,0,4.98,678.5188944,9.0,0,57.2,0,92.0,6.74,92.0,0.1,5957.145693,615875.0,2.1,2.2,0.762,13.6
2064,Portugal,2006,Developed,96.0,0,13.11,2884.020194,97.0,0,54.9,0,97.0,9.67,97.0,0.1,19821.44463,1522288.0,0.7,0.5,0.793,15.4
555,Chile,2004,Developing,97.0,2,6.32,78.78564878,,0,56.8,2,94.0,6.93,93.0,0.1,621.828325,15973778.0,0.9,1.0,0.781,14.3
1593,Malaysia,2008,Developing,132.0,3,0.47,438.4519214,97.0,334,33.4,4,97.0,3.47,97.0,0.1,8513.629541,2711169.0,8.5,8.3,0.747,12.5
1539,Luxembourg,2014,Developed,65.0,0,11.12,16255.16198,94.0,0,6.9,0,99.0,6.94,99.0,0.1,119172.7418,556319.0,1.0,0.9,0.892,13.9
1324,Japan,2005,Developed,69.0,3,7.99,6799.664423,,0,24.4,4,95.0,8.18,98.0,0.1,37217.64873,127773.0,1.7,1.5,0.87,14.9
1093,Guinea-Bissau,2012,Developing,285.0,4,0.01,0.948526366,87.0,0,24.3,6,87.0,5.96,87.0,5.3,67.7518833,1638139.0,7.7,7.5,0.416,9.1
162,Bahamas,2013,Developing,172.0,0,9.42,0.0,97.0,0,63.2,0,97.0,7.5,97.0,0.1,,,2.5,2.5,0.79,12.6
387,Bulgaria,2012,Developed,139.0,1,10.99,851.450672,95.0,1,63.9,1,95.0,7.11,95.0,0.1,7378.25539,735888.0,1.9,1.9,0.778,14.3
436,Côte d'Ivoire,2011,Developing,419.0,60,3.13,0.0,62.0,628,25.6,83,58.0,6.42,62.0,3.3,,,6.1,6.0,,
1838,Netherlands,2006,Developed,71.0,1,9.79,8344.010392,,1,56.5,1,96.0,9.36,96.0,0.1,44453.97119,1634611.0,1.0,1.0,0.893,16.5
1819,Nepal,2009,Developing,183.0,25,0.22,6.19357029,89.0,189,15.9,32,93.0,6.41,89.0,0.2,48.7299,2674113.0,16.9,17.4,0.502,10.5
1126,Haiti,2011,Developing,259.0,15,5.68,4.106484317,,0,45.3,20,67.0,1.41,68.0,1.5,74.9358452,114554.0,4.0,4.0,0.47,8.7
1082,Guinea,2007,Developing,36.0,31,0.19,1.399626733,57.0,3,19.4,48,46.0,3.8,63.0,2.4,49.456775,196727.0,8.9,8.8,0.364,7.6
2047,Poland,2007,Developed,144.0,2,10.9,14.3042452,98.0,40,56.6,3,99.0,6.28,99.0,0.1,1126.31852,381256.0,2.2,2.4,0.808,15.0
2419,South Sudan,2005,Developing,383.0,28,,0.0,,0,,44,,,,3.9,,818877.0,,,0.0,0.0
73,Antigua and Barbuda,2006,Developing,145.0,0,8.93,216.3146941,99.0,0,42.0,0,99.0,4.34,99.0,0.1,12724.39377,,3.4,3.4,0.773,14.7
1148,Honduras,2005,Developing,163.0,5,3.23,203.7134882,97.0,0,42.8,6,98.0,7.81,98.0,0.9,1311.741714,737343.0,2.5,2.4,0.577,10.6
1545,Luxembourg,2008,Developed,8.0,0,11.53,18961.3486,94.0,1,58.4,0,96.0,7.34,99.0,0.1,114293.8433,48865.0,0.9,0.9,0.887,13.5
1288,Italy,2009,Developed,61.0,2,7.25,5243.316638,96.0,351,6.5,2,96.0,9.41,96.0,0.1,36976.84512,5995365.0,0.5,0.5,0.868,16.3
63,Angola,2000,Developing,48.0,97,1.85,15.88149254,,2219,15.4,160,3.0,2.79,28.0,2.0,555.2969419,1644924.0,1.9,1.9,0.382,4.6
1112,Guyana,2009,Developing,218.0,0,7.49,466.6693698,98.0,0,41.6,1,97.0,7.32,98.0,0.3,2716.35256,745693.0,5.6,5.4,0.618,10.5
1034,Greece,2007,Developing,8.0,0,9.67,3632.243121,95.0,2,61.8,0,99.0,9.41,99.0,0.1,28827.32636,1148473.0,0.8,0.7,0.855,16.4
298,Bhutan,2005,Developing,254.0,1,0.73,145.5965445,95.0,11,16.7,1,95.0,5.28,95.0,0.3,1247.61392,656639.0,17.8,18.6,0.0,9.2
45,Algeria,2002,Developing,145.0,20,0.36,148.5119843,,5862,46.1,23,86.0,3.73,86.0,0.1,1774.33673,3199546.0,6.3,6.2,0.653,11.1
2332,Slovakia,2012,Developed,118.0,0,10.12,0.0,99.0,0,57.2,0,99.0,8.15,99.0,0.1,,,1.2,1.3,0.835,15.0
2595,The former Yugoslav republic of Macedonia,2005,Developing,12.0,0,1.75,0.0,53.0,5,54.9,0,98.0,7.95,97.0,0.1,,,2.5,2.6,0.0,11.9
1038,Greece,2003,Developing,81.0,0,9.46,2124.921517,92.0,0,59.2,1,93.0,8.61,94.0,0.1,18477.57841,19287.0,0.8,0.8,0.823,15.2
787,Ecuador,2014,Developing,121.0,6,3.82,79.11626341,83.0,0,53.5,7,84.0,9.16,83.0,0.1,6432.216537,1593112.0,1.2,1.1,0.737,14.0
1630,Mali,2003,Developing,299.0,59,0.54,6.660451777,79.0,232,17.0,106,67.0,6.25,63.0,2.2,391.791281,125128.0,1.3,1.2,0.318,5.2
80,Argentina,2015,Developing,116.0,8,,0.0,94.0,0,62.8,9,93.0,,94.0,0.1,13467.1236,43417765.0,1.0,0.9,0.826,17.3
2831,Uzbekistan,2010,Developing,183.0,20,2.73,119.4571154,99.0,117,4.7,23,99.0,5.34,99.0,0.2,1377.8214,285624.0,3.0,3.1,0.657,11.9
2234,Saudi Arabia,2014,Developing,88.0,7,0.09,2017.643131,98.0,154,67.3,9,98.0,4.68,98.0,0.1,24575.434,,7.7,7.5,0.841,15.8
93,Argentina,2002,Developing,138.0,12,7.81,470.1869145,66.0,0,55.1,13,94.0,8.31,93.0,0.1,2579.193168,3788937.0,1.2,1.0,0.776,16.3
2367,Solomon Islands,2009,Developing,192.0,0,1.21,244.3976438,92.0,0,45.5,0,98.0,7.92,92.0,0.1,1158.282672,51679.0,1.2,1.2,0.494,9.3
2186,Saint Vincent and the Grenadines,2013,Developing,161.0,0,7.07,0.0,97.0,0,52.2,0,97.0,5.21,97.0,0.1,,,3.5,3.4,0.717,13.3
2219,Sao Tome and Principe,2013,Developing,192.0,0,0.01,200.6600988,97.0,0,29.3,0,97.0,9.76,97.0,0.2,1619.532678,18745.0,5.7,5.5,0.559,11.0
506,Canada,2005,Developing,76.0,2,8.0,6333.177967,14.0,6,61.3,2,93.0,9.57,93.0,0.1,36189.58838,32312.0,0.5,0.4,0.886,15.8
411,Burkina Faso,2004,Developing,323.0,49,4.54,56.96108089,,77,13.7,91,83.0,6.45,79.0,2.5,371.323865,133569.0,1.5,1.1,0.0,3.9
1974,Panama,2000,Developing,121.0,2,5.58,9.87102142,,0,45.9,2,99.0,7.76,98.0,0.2,46.29935,33347.0,2.4,2.3,0.716,12.1
2466,Sudan,2006,Developing,26.0,66,1.9,60.3368571,6.0,228,,99,77.0,3.93,78.0,0.2,893.8793645,316764.0,,,0.43,6.2
1744,Montenegro,2003,Developing,134.0,0,0.01,495.0782963,,0,54.2,0,,8.91,,0.1,2789.1735,612267.0,2.4,2.4,0.0,0.0
1913,Norway,2012,Developed,61.0,0,6.21,2094.19096,,4,59.8,0,95.0,9.16,95.0,0.1,11563.727,518573.0,0.7,0.7,0.941,17.6
1564,Madagascar,2005,Developing,265.0,37,0.72,33.74786198,81.0,0,15.8,56,8.0,5.3,85.0,0.6,274.819723,18336724.0,8.1,8.0,0.473,8.9
1535,Lithuania,2002,Developed,22.0,0,11.0,561.9168642,94.0,103,57.5,0,97.0,6.4,95.0,0.1,4146.987928,344367.0,3.3,3.3,0.77,15.3
102,Armenia,2009,Developing,137.0,1,3.96,201.1855461,93.0,0,5.7,1,94.0,4.55,93.0,0.1,2993.832531,2888584.0,2.0,2.1,0.725,11.9
1643,Malta,2006,Developed,66.0,0,8.84,2380.699796,86.0,1,65.6,0,83.0,8.93,85.0,0.1,16671.5672,4538.0,0.7,0.7,0.809,14.8
532,Chad,2011,Developing,365.0,46,0.56,67.76269089,33.0,8650,17.5,79,4.0,3.17,33.0,3.9,989.2363633,12288651.0,9.2,9.1,0.37,6.7
1080,Guinea,2009,Developing,297.0,29,0.18,24.84763562,57.0,264,2.3,46,6.0,3.85,57.0,2.3,436.6895539,1556524.0,8.4,8.4,0.376,8.1
821,El Salvador,2012,Developing,181.0,2,2.48,591.7757569,92.0,0,54.1,2,93.0,6.7,92.0,0.3,3827.786267,6221246.0,1.6,1.6,0.67,13.2
2070,Portugal,2000,Developed,11.0,1,11.89,167.3280168,58.0,45,5.1,1,96.0,9.14,96.0,0.1,1152.39681,1289898.0,0.8,0.6,0.777,15.5
645,Croatia,2011,Developed,14.0,0,12.19,1913.356642,97.0,12,61.3,0,96.0,7.8,96.0,0.1,14539.18421,428622.0,1.6,1.5,0.808,14.5
1137,Haiti,2000,Developing,35.0,20,4.79,74.46033036,,992,34.0,28,5.0,6.6,41.0,5.1,462.486524,85492.0,4.8,4.8,0.439,7.8
251,Belgium,2004,Developed,91.0,1,12.05,5160.508378,64.0,61,59.8,1,96.0,9.32,95.0,0.1,35589.71295,1421137.0,0.8,0.8,0.88,18.8
239,Belarus,2000,Developing,247.0,1,12.98,24.24947846,7.0,21,54.4,1,99.0,6.13,99.0,0.1,1276.28834,997961.0,2.7,2.8,0.675,13.1
1921,Norway,2004,Developed,77.0,0,6.22,1009.825011,,7,55.9,0,92.0,9.44,92.0,0.1,5757.26916,459191.0,0.8,0.7,0.924,17.5
2668,Tunisia,2012,Developing,13.0,3,1.3,585.8776761,97.0,48,58.3,3,97.0,7.18,97.0,0.1,4137.55421,1886668.0,6.4,6.3,0.717,14.6
2687,Turkey,2009,Developing,118.0,23,1.4,106.9482898,94.0,4,61.1,27,96.0,6.8,96.0,0.1,936.499911,71339185.0,4.9,4.8,0.709,12.5
1036,Greece,2005,Developing,81.0,0,9.95,2785.139364,93.0,122,6.5,1,96.0,9.36,96.0,0.1,22551.73574,1987314.0,0.8,0.7,0.839,15.6
2019,Peru,2003,Developing,152.0,15,4.5,34.70333523,65.0,0,47.4,19,95.0,4.6,94.0,0.4,218.25997,26937738.0,1.3,1.3,0.686,13.3
44,Algeria,2003,Developing,146.0,20,0.34,25.0185226,,15374,47.0,23,87.0,3.6,87.0,0.1,294.33556,3243514.0,6.3,6.1,0.663,11.5
1294,Italy,2003,Developed,72.0,2,9.3,3519.258515,95.0,10982,57.0,3,97.0,8.17,96.0,0.1,27387.2258,5731323.0,0.5,0.5,0.841,15.4
2257,Senegal,2007,Developing,23.0,22,0.32,8.309152927,94.0,11,2.3,36,93.0,4.72,94.0,0.7,95.3978522,11873557.0,11.0,1.9,0.425,6.8
2523,Switzerland,2013,Developed,52.0,0,9.73,19099.04506,,175,56.6,0,96.0,11.71,96.0,0.1,84658.88768,889346.0,0.4,0.3,0.934,15.8
1978,Papua New Guinea,2012,Developing,284.0,10,0.01,31.6357652,68.0,0,46.4,13,81.0,4.55,74.0,1.0,271.318741,743836.0,1.3,1.3,0.501,9.9
1598,Malaysia,2003,Developing,138.0,3,0.48,264.2496129,95.0,632,28.8,4,96.0,3.95,96.0,0.1,4463.675893,2468873.0,9.3,9.1,0.724,12.1
1311,Jamaica,2002,Developing,167.0,1,3.76,211.1143318,,0,43.5,1,99.0,4.86,99.0,2.3,3596.496282,2695446.0,2.0,1.8,0.69,11.7
1209,Indonesia,2008,Developing,189.0,149,0.07,10.26341108,82.0,15369,21.3,181,83.0,2.81,77.0,0.2,216.52766,236159276.0,1.7,1.7,0.641,11.7
1002,Germany,2007,Developed,82.0,3,11.5,7777.556353,86.0,567,58.5,3,95.0,1.18,96.0,0.1,41814.8191,82266372.0,1.1,1.1,0.898,16.6
1271,Israel,2010,Developing,61.0,1,2.63,409.4109292,97.0,23,63.0,1,95.0,7.36,95.0,0.1,3661.994,76236.0,1.2,1.1,0.878,15.7
2824,Uruguay,2001,Developing,123.0,1,6.48,421.4804282,94.0,0,55.7,1,94.0,7.46,94.0,0.1,6281.37747,332713.0,1.8,1.7,0.742,14.2
1922,Norway,2003,Developed,78.0,0,6.04,880.7380617,,8,55.3,0,92.0,9.85,92.0,0.1,5111.65445,4564855.0,0.8,0.7,0.918,17.1
393,Bulgaria,2006,Developed,161.0,1,10.39,508.6304588,96.0,1,6.3,1,96.0,6.67,95.0,0.1,4513.13628,76122.0,2.2,2.2,0.75,13.5
2886,Viet Nam,2003,Developing,137.0,30,2.19,0.0,78.0,2297,1.4,37,96.0,4.84,99.0,0.2,,,15.6,16.2,0.592,10.9
1231,Iran (Islamic Republic of),2002,Developing,142.0,31,0.01,0.0,99.0,9554,46.2,37,99.0,5.39,99.0,0.1,,,7.6,7.7,0.674,11.9
2493,Swaziland,2011,Developing,438.0,2,5.2,735.7090978,91.0,0,3.2,3,85.0,8.61,91.0,15.7,3934.27325,1225258.0,5.1,5.2,0.526,11.2
366,Brazil,2001,Developing,179.0,103,7.13,149.4802091,91.0,1,44.5,118,99.0,7.19,98.0,0.1,3146.95177,1777567.0,3.4,3.4,0.685,14.3
521,Central African Republic,2006,Developing,56.0,17,1.54,46.90117916,,3,18.6,26,47.0,3.99,51.0,10.0,347.673678,421758.0,9.6,9.6,0.323,6.0
605,Comoros,2002,Developing,271.0,2,0.08,29.41897495,,0,18.0,2,98.0,3.39,89.0,0.1,433.2691451,569479.0,7.7,7.7,0.0,8.8
1933,Oman,2008,Developing,19.0,1,0.57,123.0966298,99.0,18,51.1,1,97.0,2.1,99.0,0.1,2275.3536,,6.9,6.8,0.765,11.9
2496,Swaziland,2008,Developing,477.0,3,4.87,413.0063027,9.0,1,28.9,4,89.0,8.19,88.0,40.2,2842.438422,1158897.0,6.1,6.3,0.514,10.6
478,Cambodia,2001,Developing,273.0,25,1.71,27.68971051,,3761,12.4,33,59.0,5.7,6.0,2.2,321.22634,1242473.0,11.6,11.8,0.412,7.6
2418,South Sudan,2006,Developing,383.0,28,,0.0,,0,,43,,,,4.1,,8468152.0,,,0.0,0.0
742,Denmark,2010,Developed,84.0,0,10.28,954.4865933,,5,57.0,0,9.0,11.8,9.0,0.1,5841.41122,5547683.0,1.1,0.9,0.906,16.8
2563,Tajikistan,2005,Developing,194.0,10,0.37,19.83672308,81.0,0,33.5,12,79.0,5.89,84.0,0.3,337.359236,6854176.0,3.8,3.9,0.572,10.6
819,El Salvador,2014,Developing,181.0,2,2.52,665.7260253,93.0,0,55.4,2,93.0,6.77,94.0,0.2,3988.771871,6281189.0,1.6,1.6,0.676,13.2
1736,Montenegro,2011,Developing,113.0,0,6.56,666.7374371,91.0,5,59.7,0,95.0,6.92,95.0,0.1,7318.742449,6279.0,1.9,2.0,0.792,15.1
1325,Japan,2004,Developed,68.0,3,7.7,6746.281299,,8752,23.8,4,97.0,8.3,99.0,0.1,37688.72234,127761.0,1.7,1.4,0.866,14.8
671,Cuba,2001,Developing,115.0,1,4.04,322.5863149,98.0,0,5.4,1,99.0,6.27,98.0,0.1,2832.188893,,3.6,3.4,0.686,12.3
1775,Mozambique,2004,Developing,429.0,82,1.54,46.58195631,76.0,9396,18.1,120,69.0,5.91,83.0,15.9,336.3318145,231275.0,3.9,3.8,0.332,7.0
1265,Ireland,2000,Developed,94.0,0,14.07,3794.581463,,0,51.5,0,86.0,6.3,86.0,0.1,26241.91883,385174.0,0.3,0.3,0.848,16.2
1552,Luxembourg,2001,Developed,96.0,0,12.89,7877.33656,86.0,0,54.6,0,99.0,7.4,99.0,0.1,48179.4285,441525.0,1.0,1.0,0.854,13.4
1412,Kyrgyzstan,2013,Developing,174.0,3,0.01,0.0,97.0,1,43.0,4,97.0,6.68,97.0,0.1,,,3.3,3.3,0.647,12.5
1013,Ghana,2012,Developing,257.0,39,0.01,151.899429,92.0,1613,26.7,56,91.0,4.79,92.0,0.9,1629.8222,2573349.0,6.7,6.6,0.563,11.2
765,Djibouti,2003,Developing,325.0,2,1.02,94.13302875,,37,29.4,2,68.0,6.22,68.0,4.2,819.974118,758615.0,6.1,5.9,0.378,3.5
1691,Mexico,2007,Developing,123.0,38,5.35,105.7476131,98.0,0,57.9,45,98.0,5.92,98.0,0.1,933.341687,111836346.0,1.7,1.7,0.731,12.3
1394,Kuwait,2015,Developing,81.0,0,,0.0,99.0,18,71.4,1,99.0,,99.0,0.1,28975.418,,3.5,3.4,0.799,13.3
402,Burkina Faso,2013,Developing,27.0,40,4.64,88.97040214,88.0,375,18.2,66,89.0,5.91,88.0,0.7,699.452847,1772723.0,8.4,7.9,0.392,7.5
2633,Tonga,2015,Developing,133.0,0,,0.0,78.0,0,75.2,0,8.0,,78.0,0.1,493.775387,16364.0,0.1,0.1,0.718,14.3
1961,Panama,2013,Developing,118.0,1,6.89,1694.467075,8.0,0,56.3,1,81.0,8.9,8.0,0.1,11685.97983,3838462.0,1.9,1.9,0.773,12.9
70,Antigua and Barbuda,2009,Developing,14.0,0,7.82,149.3587355,98.0,0,43.8,0,98.0,4.86,99.0,0.1,1312.46692,,3.4,3.3,0.788,14.2
1872,Nicaragua,2004,Developing,194.0,4,3.81,36.81621175,79.0,0,45.7,4,8.0,6.13,79.0,0.3,191.55157,53973.0,2.1,2.0,0.587,11.0
652,Croatia,2004,Developed,114.0,0,13.11,1116.396502,,54,56.9,0,96.0,6.56,96.0,0.1,9365.742468,4439.0,1.9,1.9,0.771,13.3
1063,Guatemala,2010,Developing,196.0,12,2.14,443.3248254,94.0,0,47.2,14,94.0,6.64,94.0,0.4,2825.5247,1463417.0,1.3,1.3,0.602,10.5
56,Angola,2007,Developing,375.0,87,6.35,184.8213446,73.0,1014,18.8,138,75.0,3.38,73.0,2.6,2878.837144,2997687.0,9.6,9.6,0.454,7.7
1513,Libya,2008,Developing,132.0,2,0.01,532.6700005,98.0,8,58.2,2,98.0,2.4,98.0,0.1,14396.4865,,5.5,5.4,0.757,14.8
567,China,2008,Developing,97.0,266,4.27,39.22509728,95.0,131441,26.5,308,99.0,4.59,97.0,0.1,3471.247547,1324655.0,4.5,4.0,0.672,11.9
450,Cabo Verde,2013,Developing,12.0,0,0.01,325.6298627,94.0,0,29.7,0,93.0,4.29,93.0,0.2,3558.796314,5216.0,6.9,6.9,0.643,13.6
942,France,2003,Developing,99.0,3,13.49,4572.441963,28.0,0,56.4,4,96.0,1.43,97.0,0.1,29691.18158,62244884.0,0.6,0.6,0.852,15.4
2417,South Sudan,2007,Developing,381.0,27,,0.0,,0,,43,,,,4.2,,88568.0,,,0.0,0.0
2737,Ukraine,2008,Developing,273.0,5,9.46,456.4586664,84.0,48,57.6,6,91.0,6.63,9.0,0.4,3891.37823,462582.0,2.5,2.6,0.73,14.9
791,Ecuador,2010,Developing,134.0,7,3.95,367.9285652,9.0,0,5.7,8,88.0,5.9,91.0,0.1,4657.32361,1493469.0,1.3,1.2,0.703,13.1
527,Central African Republic,2000,Developing,49.0,16,1.51,30.78382657,,3207,16.5,25,38.0,4.24,37.0,14.3,243.5429317,3754986.0,1.5,1.5,0.312,5.2
2582,Thailand,2002,Developing,192.0,16,5.93,27.63810304,95.0,10315,2.2,19,97.0,3.7,96.0,0.7,296.54617,6473164.0,9.2,9.5,0.657,11.5
1046,Grenada,2011,Developing,15.0,0,7.84,11.56715633,94.0,0,44.7,0,95.0,6.35,95.0,0.1,741.48438,,3.8,3.8,0.741,15.8
905,Fiji,2008,Developing,26.0,0,1.95,81.04656111,99.0,0,57.3,0,99.0,3.68,99.0,0.1,4177.657789,84334.0,4.0,3.7,0.7,14.3
2128,Romania,2006,Developed,157.0,3,8.51,665.6427546,99.0,3196,54.4,4,97.0,5.6,97.0,0.1,5828.745662,2119376.0,3.2,3.7,0.755,13.7
2041,Poland,2013,Developed,12.0,2,11.63,23.43533487,96.0,84,6.4,2,95.0,6.4,99.0,0.1,1378.54911,384196.0,2.0,2.1,0.838,15.4
602,Comoros,2005,Developing,266.0,2,0.24,69.9675435,68.0,912,19.2,2,67.0,4.32,68.0,0.1,621.93372,611627.0,7.5,7.4,0.434,9.7
485,Cameroon,2010,Developing,37.0,53,6.15,100.8987451,84.0,240,26.0,82,83.0,5.28,84.0,5.5,1182.869227,1997495.0,6.1,6.2,0.48,9.7
1725,Mongolia,2006,Developing,271.0,2,2.91,122.1206485,98.0,26,43.0,2,98.0,4.68,99.0,0.1,1334.651896,255812.0,2.2,2.4,0.649,12.7
728,Democratic Republic of the Congo,2008,Developing,295.0,237,2.09,0.0,65.0,12461,18.2,324,64.0,4.46,65.0,1.8,,,1.8,1.7,,
692,Czechia,2012,Developed,93.0,0,12.71,0.0,99.0,22,64.5,0,99.0,7.55,99.0,0.1,,,1.8,1.9,,
2121,Romania,2013,Developed,138.0,2,9.59,1230.748231,96.0,1159,59.2,2,88.0,5.6,92.0,0.1,9585.266593,19983693.0,2.7,2.9,0.794,14.7
2712,Turkmenistan,2000,Developing,224.0,7,2.9,88.2436347,,113,37.5,9,98.0,3.94,97.0,0.1,643.17518,4516131.0,3.6,3.6,0.0,0.0
2572,Thailand,2012,Developing,154.0,9,6.56,801.0504655,98.0,5197,3.1,11,99.0,4.17,99.0,0.1,5859.915622,67843979.0,8.0,8.1,0.729,13.7
120,Australia,2007,Developed,66.0,1,10.56,872.5986092,94.0,11,62.5,2,92.0,8.53,92.0,0.1,4991.98289,28276.0,0.7,0.6,0.918,19.0
2844,Vanuatu,2013,Developing,135.0,0,0.01,447.545645,64.0,0,51.7,0,65.0,3.92,64.0,0.1,3167.34356,253142.0,1.5,1.4,0.591,10.8
1712,Micronesia (Federated States of),2002,Developing,21.0,0,2.78,0.0,85.0,0,62.4,0,84.0,8.2,84.0,0.1,,,0.2,0.2,0.608,10.2
598,Comoros,2009,Developing,251.0,2,0.17,56.98952474,83.0,1,21.1,2,84.0,3.82,83.0,0.1,778.5454199,673252.0,7.2,7.0,0.465,10.3
1415,Kyrgyzstan,2010,Developing,199.0,4,2.73,0.0,96.0,0,4.7,4,88.0,6.66,96.0,0.1,,,3.2,3.3,0.631,12.2
2292,Seychelles,2004,Developing,186.0,0,7.91,12.94324581,99.0,0,29.2,0,99.0,4.17,99.0,0.1,1176.65871,82475.0,6.0,6.4,0.715,12.3
833,El Salvador,2000,Developing,218.0,4,2.79,353.6690328,99.0,0,45.3,5,98.0,8.17,99.0,0.4,2238.4116,5867626.0,2.1,2.0,0.607,11.3
233,Belarus,2006,Developing,243.0,1,12.6,364.426052,98.0,149,57.2,1,97.0,6.34,99.0,0.1,3848.215966,964924.0,2.2,2.4,0.723,14.6
1731,Mongolia,2000,Developing,274.0,2,2.79,56.431387,93.0,925,38.5,3,94.0,4.92,94.0,0.1,474.2133361,2397436.0,2.6,2.6,0.582,8.9
796,Ecuador,2005,Developing,151.0,8,3.54,18.09317114,92.0,0,47.2,9,89.0,5.87,92.0,0.3,321.942547,13735233.0,1.4,1.3,0.688,12.8
111,Armenia,2000,Developing,142.0,1,2.9,32.75626853,55.0,15,47.1,1,96.0,6.25,93.0,0.1,622.7427477,369588.0,2.1,2.2,0.639,11.2
2790,United Republic of Tanzania,2003,Developing,459.0,103,2.34,0.0,95.0,1673,17.2,160,97.0,4.6,95.0,11.5,,,7.9,7.9,,
218,Barbados,2005,Developing,117.0,0,8.01,1311.440423,92.0,0,46.9,0,91.0,5.38,92.0,0.1,14223.86576,,4.0,4.0,0.761,14.6
809,Egypt,2008,Developing,172.0,54,0.24,0.0,97.0,668,55.5,65,97.0,4.82,97.0,0.1,,,3.1,3.0,0.651,11.9
1237,Iraq,2012,Developing,147.0,32,0.01,429.6625083,61.0,15,57.2,39,7.0,5.26,69.0,0.1,6651.12242,32776571.0,5.3,5.1,0.656,10.5
2794,United States of America,2015,Developed,13.0,23,,0.0,92.0,188,69.6,26,93.0,,95.0,0.1,,,0.8,0.6,,
2424,South Sudan,2000,Developing,38.0,31,,0.0,,0,,50,,,,2.7,,67656.0,,,0.0,0.0
1590,Malaysia,2011,Developing,13.0,3,0.51,9.23002632,96.0,1569,36.3,4,96.0,3.89,96.0,0.1,145.1262,28635128.0,8.0,7.8,0.774,13.0
677,Cyprus,2011,Developed,57.0,0,10.69,2443.325028,96.0,0,58.3,0,99.0,7.54,99.0,0.1,32233.83942,1124835.0,0.9,1.0,0.847,13.8
1854,New Zealand,2006,Developed,76.0,0,9.34,496.2228007,87.0,20,62.6,0,89.0,8.65,89.0,0.1,2667.86452,,0.3,0.3,0.888,19.1
2191,Saint Vincent and the Grenadines,2008,Developing,167.0,0,6.92,0.0,99.0,0,47.5,0,99.0,4.7,99.0,0.3,,,3.6,3.6,0.704,13.3
1421,Kyrgyzstan,2004,Developing,218.0,4,3.41,0.0,99.0,8,37.5,4,98.0,5.57,99.0,0.1,,,3.4,3.4,0.609,12.5
1198,India,2003,Developing,216.0,1700,1.19,19.4808682,,47147,12.6,2200,57.0,4.3,61.0,0.3,541.1352279,11827848.0,27.3,28.3,0.505,8.6
963,Gambia,2014,Developing,266.0,3,0.01,0.0,96.0,1,26.7,5,97.0,7.34,96.0,1.7,,,7.5,7.3,0.449,8.9
1794,Myanmar,2001,Developing,239.0,72,0.38,1.917164,,2519,14.1,98,77.0,1.8,73.0,0.4,138.9249275,46627994.0,13.3,13.7,0.427,7.6
1754,Morocco,2009,Developing,116.0,20,0.62,188.2902861,98.0,834,52.7,23,99.0,5.67,99.0,0.1,2861.5545,31989897.0,6.4,6.2,0.596,10.5
2922,Zimbabwe,2015,Developing,336.0,22,,0.0,87.0,0,31.8,32,88.0,,87.0,6.2,118.69383,15777451.0,5.6,5.5,0.507,10.3
2119,Romania,2015,Developed,133.0,2,,0.0,9.0,4,6.7,2,89.0,,89.0,0.1,8958.788593,19815481.0,2.5,2.7,0.798,14.7
1980,Papua New Guinea,2010,Developing,286.0,10,0.79,18.99961966,56.0,0,44.9,14,72.0,4.18,67.0,1.1,1366.879112,718239.0,1.4,1.3,0.485,9.6
2692,Turkey,2004,Developing,132.0,33,1.35,1.132766775,77.0,8927,56.8,39,85.0,5.37,85.0,0.1,64.72953,677855.0,5.1,4.9,0.675,12.0
1429,Lao People's Democratic Republic,2012,Developing,28.0,9,0.01,0.0,79.0,32,19.4,12,78.0,2.12,79.0,0.3,,,9.1,9.2,0.554,10.2
1091,Guinea-Bissau,2014,Developing,282.0,4,0.01,50.06053544,87.0,1,25.6,6,87.0,5.59,87.0,3.4,642.6256154,1725744.0,7.3,7.1,0.419,9.2
29,Albania,2002,Developing,15.0,1,3.73,104.5169157,96.0,16,46.9,1,98.0,6.3,98.0,0.1,1453.642777,3511.0,2.0,2.1,0.67,10.7
1935,Oman,2006,Developing,115.0,1,0.58,78.51141,99.0,13,5.1,1,98.0,2.31,98.0,0.1,1448.55,,7.0,6.8,0.748,11.6
929,Finland,2000,Developing,15.0,0,8.59,397.7533689,,0,55.5,0,96.0,7.22,99.0,0.1,24253.2542,517629.0,0.9,0.9,0.847,17.3
1972,Panama,2002,Developing,125.0,1,5.52,78.80940216,98.0,0,47.8,2,99.0,8.3,99.0,0.2,4126.14671,3149265.0,2.3,2.2,0.725,12.6
1338,Jordan,2007,Developing,12.0,4,0.6,373.2628643,98.0,41,59.3,4,98.0,8.35,98.0,0.1,2762.86354,6193191.0,3.8,3.8,0.736,13.6
2198,Saint Vincent and the Grenadines,2001,Developing,186.0,0,4.73,0.0,,0,41.0,0,99.0,3.64,99.0,0.7,,,3.9,3.9,0.673,12.8
1896,Nigeria,2012,Developing,374.0,505,8.54,204.7186256,42.0,6447,23.5,788,42.0,3.3,42.0,4.4,2755.297787,167297284.0,1.7,1.6,0.507,9.7
1192,India,2009,Developing,2.0,1300,2.5,0.844186331,37.0,56188,15.4,1700,73.0,4.38,74.0,0.2,19.317765,121427132.0,27.0,27.8,0.563,10.5
188,Bahrain,2003,Developing,85.0,0,2.16,1214.558167,98.0,12,55.2,0,97.0,3.74,97.0,0.1,14221.99259,,6.1,5.9,0.798,13.7
170,Bahamas,2005,Developing,172.0,0,10.49,0.0,93.0,0,58.1,0,93.0,5.95,93.0,0.1,,,2.6,2.5,0.786,12.4
463,Cabo Verde,2000,Developing,155.0,0,3.49,122.5744699,,2,21.5,0,9.0,4.81,9.0,0.8,1239.377855,43579.0,9.6,9.5,0.0,11.3
43,Algeria,2004,Developing,14.0,19,0.45,220.393699,81.0,3289,47.9,23,86.0,3.54,86.0,0.1,2598.9823,3283196.0,6.2,6.1,0.673,11.7
87,Argentina,2008,Developing,126.0,10,8.41,1413.73543,9.0,0,58.6,11,94.0,6.66,93.0,0.1,8953.359275,4382389.0,1.0,0.9,0.792,16.3
861,Eritrea,2004,Developing,342.0,7,0.64,10.26097341,84.0,24,13.6,10,98.0,3.14,98.0,1.8,287.4222243,3858623.0,9.6,9.6,0.0,5.0
1001,Germany,2008,Developed,8.0,2,11.36,8285.264655,87.0,917,59.0,3,95.0,1.39,96.0,0.1,45699.19832,821197.0,1.1,1.1,0.903,16.6
282,Benin,2005,Developing,285.0,25,1.13,7.106997355,7.0,210,2.5,39,73.0,4.73,7.0,2.1,61.799977,7982225.0,8.7,8.6,0.43,8.5
2650,Trinidad and Tobago,2014,Developing,171.0,0,6.94,1578.872339,92.0,0,46.0,0,94.0,5.93,92.0,0.3,19325.24283,1354493.0,5.8,6.0,0.778,12.7
2755,United Arab Emirates,2006,Developing,89.0,1,1.74,3749.941617,92.0,0,55.8,1,94.0,2.33,92.0,0.1,42372.22166,,5.1,4.9,0.823,12.8
420,Burundi,2011,Developing,321.0,22,4.16,3.595980333,96.0,129,16.6,33,95.0,8.58,96.0,1.5,26.479973,94358.0,7.6,7.6,0.385,9.9
2897,Yemen,2008,Developing,238.0,37,0.04,0.0,78.0,7,35.7,47,78.0,5.12,78.0,0.1,,,13.8,13.7,0.48,8.5
1275,Israel,2006,Developing,68.0,1,2.23,33.58620657,96.0,9,61.1,1,94.0,7.38,95.0,0.1,2195.1769,7537.0,1.1,1.1,0.87,15.7
679,Cyprus,2009,Developed,6.0,0,10.8,230.2524184,96.0,0,57.3,0,99.0,7.4,99.0,0.1,3215.8159,19876.0,0.9,1.0,0.849,14.1
2351,Slovenia,2009,Developed,9.0,0,10.52,3505.389434,,0,56.4,0,96.0,9.38,96.0,0.1,24633.79785,239669.0,1.7,1.7,0.873,16.9
992,Georgia,2001,Developing,121.0,2,2.76,57.10318825,61.0,35,46.5,2,83.0,7.82,87.0,0.1,733.974142,43864.0,3.0,3.1,0.673,11.7
2401,South Africa,2007,Developing,486.0,51,8.48,805.490079,83.0,31,45.0,79,79.0,7.53,82.0,26.4,6125.39984,48883844.99,9.7,11.7,0.612,12.9
149,Azerbaijan,2010,Developing,13.0,5,1.98,246.5686008,8.0,0,48.0,6,85.0,5.33,81.0,0.1,5842.85784,954332.0,2.8,2.9,0.737,11.7
981,Georgia,2012,Developing,13.0,1,7.71,158.2576025,92.0,31,53.6,1,93.0,8.57,92.0,0.1,4142.869175,3825.0,2.6,2.8,0.749,13.4
495,Cameroon,2000,Developing,394.0,62,3.91,4.720593531,,14629,2.9,100,57.0,4.48,62.0,7.7,68.414399,15274234.0,7.7,7.8,0.433,6.9
2102,Republic of Korea,2000,Developing,116.0,4,10.33,0.0,93.0,32647,24.7,4,99.0,4.23,97.0,0.1,,,1.6,1.1,,
1361,Kazakhstan,2000,Developing,292.0,9,6.0,112.541157,99.0,245,43.9,10,96.0,4.16,97.0,0.1,1229.958,14883626.0,2.7,2.7,0.676,12.1
2065,Portugal,2005,Developed,11.0,0,13.33,2813.985285,94.0,7,54.1,1,93.0,9.98,93.0,0.1,18784.9485,15333.0,0.7,0.6,0.79,15.4
1000,Germany,2009,Developed,79.0,2,11.22,7641.270645,88.0,574,59.5,3,95.0,11.4,96.0,0.1,41732.7725,819237.0,1.1,1.1,0.906,16.7
134,Austria,2009,Developed,77.0,0,11.3,8053.557638,83.0,49,54.7,0,83.0,11.19,83.0,0.1,47654.18721,8343323.0,1.7,1.9,0.87,15.3
610,Congo,2013,Developing,274.0,7,0.01,0.0,85.0,124,26.2,10,85.0,5.9,85.0,3.0,,,7.7,7.4,0.576,11.1
2688,Turkey,2008,Developing,121.0,25,1.39,22.67271848,92.0,0,6.2,29,96.0,6.7,96.0,0.1,185.68975,74432.0,5.0,4.8,0.705,12.5
743,Denmark,2009,Developed,86.0,0,10.08,9765.616994,,6,56.6,0,89.0,11.47,89.0,0.1,58163.29359,552395.0,1.1,0.9,0.906,16.8
1016,Ghana,2009,Developing,271.0,41,1.76,30.72290501,94.0,101,24.9,60,94.0,5.17,94.0,2.1,186.76538,2393831.0,7.3,7.2,0.542,10.4
2432,Spain,2008,Developed,7.0,2,10.24,5596.535203,97.0,297,62.3,2,97.0,8.8,97.0,0.1,35578.73619,4595416.0,0.6,0.5,0.854,16.1
2282,Seychelles,2014,Developing,17.0,0,0.01,151.1045552,99.0,0,36.2,0,99.0,3.37,99.0,0.1,1557.77892,91359.0,5.7,6.0,0.766,13.2
2711,Turkmenistan,2001,Developing,221.0,7,2.35,106.180706,,9,38.1,9,94.0,3.87,95.0,0.1,774.4763388,45648.0,3.6,3.5,0.0,10.2
2141,Russian Federation,2009,Developing,261.0,15,11.21,137.0063357,98.0,101,57.0,18,98.0,7.44,98.0,0.3,8562.89598,142785342.0,2.3,2.5,0.776,14.0
1644,Malta,2005,Developed,67.0,0,6.41,2247.035692,85.0,6,65.0,0,94.0,8.83,92.0,0.1,15835.34667,43834.0,0.7,0.7,0.805,14.8
2354,Slovenia,2006,Developed,17.0,0,12.26,2724.17807,,0,54.7,0,97.0,8.42,97.0,0.1,19726.1265,26868.0,1.8,1.9,0.858,16.7
1228,Iran (Islamic Republic of),2005,Developing,139.0,27,0.01,0.0,94.0,7,48.5,32,95.0,6.6,95.0,0.1,,,7.4,7.7,0.687,11.4
221,Barbados,2002,Developing,123.0,0,7.59,133.099491,66.0,0,44.6,0,86.0,5.76,87.0,0.8,11675.39395,,4.2,4.1,0.749,14.0
1808,Namibia,2003,Developing,471.0,3,5.28,294.6571552,,262,26.5,4,82.0,6.52,79.0,24.7,2482.36862,1986535.0,14.2,14.3,0.554,11.7
1129,Haiti,2008,Developing,259.0,16,5.95,63.83195683,,0,41.8,22,64.0,5.92,63.0,2.4,674.7564147,97529.0,4.2,4.2,0.462,8.4
2300,Sierra Leone,2012,Developing,411.0,25,0.01,54.56033696,91.0,678,22.7,35,91.0,11.24,91.0,0.9,561.8984239,676613.0,7.9,7.8,0.401,9.1
2093,Republic of Korea,2009,Developing,75.0,2,8.97,0.0,94.0,17,29.1,2,95.0,6.66,94.0,0.1,,,1.5,1.0,,
173,Bahamas,2002,Developing,19.0,0,10.85,0.0,89.0,0,56.0,0,93.0,5.26,94.0,0.1,,,2.6,2.6,0.781,12.1
2448,Sri Lanka,2008,Developing,172.0,4,2.1,17.81424344,98.0,33,18.5,4,98.0,3.44,98.0,0.1,254.489192,19817.0,15.4,15.4,0.731,13.3
2029,Philippines,2009,Developing,219.0,59,4.42,159.5348489,85.0,1469,22.1,76,86.0,4.41,87.0,0.1,1825.341521,9222879.0,1.0,9.7,0.661,11.7
2328,Singapore,2000,Developed,78.0,0,2.03,1855.828806,97.0,141,28.5,0,98.0,2.71,98.0,0.1,23792.677,,2.1,2.0,0.81,12.5
1295,Italy,2002,Developed,72.0,2,9.25,2883.334911,95.0,9385,56.4,3,96.0,8.23,93.0,0.1,22196.5736,57597.0,0.5,0.5,0.836,15.2
2183,Saint Lucia,2000,Developing,183.0,0,11.69,0.0,,0,36.8,0,7.0,5.53,7.0,0.4,,,4.5,4.5,0.0,12.8
1244,Iraq,2005,Developing,29.0,31,0.18,59.18845152,65.0,908,52.5,37,69.0,4.13,65.0,0.1,1849.63911,278426.0,5.4,5.2,0.628,10.1
1407,Kuwait,2002,Developing,94.0,0,0.01,1209.680547,99.0,0,65.0,1,99.0,3.56,99.0,0.1,17789.41981,,3.2,3.0,0.785,13.9
314,Bolivia (Plurinational State of),2005,Developing,222.0,12,2.86,0.0,85.0,0,46.0,16,84.0,5.67,85.0,0.2,,,1.3,1.2,0.622,14.4
152,Azerbaijan,2007,Developing,14.0,6,1.02,176.0107106,62.0,0,45.9,7,81.0,5.1,79.0,0.1,3851.437869,85813.0,2.8,2.9,0.708,11.6
1433,Lao People's Democratic Republic,2008,Developing,228.0,10,5.1,0.0,61.0,174,16.7,14,6.0,2.77,61.0,0.2,,,9.6,9.7,0.518,9.2
1563,Madagascar,2006,Developing,263.0,36,0.68,38.41870375,82.0,2,16.3,54,83.0,5.11,85.0,0.6,292.157443,1888268.0,8.0,7.9,0.478,9.0
272,Benin,2015,Developing,249.0,25,,0.0,82.0,55,25.7,39,78.0,,82.0,1.0,783.94791,1575952.0,6.9,6.8,0.481,10.7
270,Belize,2001,Developing,21.0,0,4.9,251.6586929,96.0,0,41.4,0,96.0,4.5,96.0,0.4,3419.275719,254984.0,3.7,3.7,0.677,11.8
1246,Iraq,2003,Developing,213.0,30,0.07,0.0,63.0,0,51.3,37,73.0,4.36,75.0,0.1,,25627626.0,5.5,5.2,0.616,9.4
2775,United Kingdom of Great Britain and Northern Ireland,2002,Developed,87.0,4,11.44,0.0,,314,58.8,4,91.0,7.57,91.0,0.1,,,0.7,0.5,,
2255,Senegal,2009,Developing,219.0,21,0.3,1.177477677,86.0,999,21.2,33,83.0,4.81,86.0,0.5,12.566464,1255917.0,1.6,1.5,0.444,7.5
849,Equatorial Guinea,2000,Developing,336.0,3,4.46,14.95451321,,0,18.3,4,41.0,2.73,34.0,1.9,172.68491,614323.0,1.7,1.6,0.0,0.0
1135,Haiti,2002,Developing,33.0,19,6.1,50.28558223,,0,35.6,26,54.0,5.47,48.0,4.8,393.16327,8834733.0,4.6,4.7,0.444,8.0
737,Denmark,2015,Developed,71.0,0,,0.0,,9,58.8,0,93.0,,93.0,0.1,5314.64416,5683483.0,1.1,0.9,0.923,19.2
568,China,2007,Developing,96.0,285,3.88,312.6624819,92.0,109023,25.7,332,94.0,4.32,93.0,0.1,2695.366223,1317885.0,4.7,4.1,0.659,11.4
2730,Ukraine,2015,Developing,195.0,4,,0.0,22.0,105,61.3,5,51.0,,23.0,0.2,2124.662666,4515429.0,2.3,2.4,0.748,15.3
1232,Iran (Islamic Republic of),2001,Developing,146.0,33,0.01,0.0,94.0,9582,45.5,40,95.0,5.2,96.0,0.1,,,7.7,7.8,0.666,11.6
2698,Turkmenistan,2014,Developing,217.0,7,2.9,691.1333535,97.0,0,47.7,8,98.0,2.7,98.0,0.1,7962.365824,5466241.0,3.3,3.3,0.683,10.8
2539,Syrian Arab Republic,2013,Developing,37.0,7,0.01,0.0,71.0,740,55.2,9,5.0,3.25,41.0,0.1,,1989141.0,6.3,6.1,0.635,13.0
749,Denmark,2003,Developed,11.0,0,11.54,650.9813544,,0,53.9,0,96.0,9.51,96.0,0.1,4458.7764,539574.0,1.2,1.0,0.882,16.3
257,Belize,2014,Developing,177.0,0,6.58,670.0920883,95.0,0,5.1,0,95.0,5.79,95.0,0.2,4852.223666,351694.0,3.4,3.4,0.705,12.8
2052,Poland,2002,Developed,145.0,3,8.02,516.0554391,98.0,34,54.0,3,98.0,6.32,99.0,0.1,5196.932921,3823364.0,2.5,2.6,0.79,15.0
139,Austria,2004,Developed,86.0,0,12.1,5316.877456,83.0,15,52.2,0,83.0,1.56,83.0,0.1,36693.4262,8171966.0,1.7,1.9,0.841,14.7
2681,Turkey,2015,Developing,16.0,15,,0.0,97.0,342,66.1,18,97.0,,97.0,0.1,1979.52569,78271472.0,4.9,4.8,0.764,14.5
2769,United Kingdom of Great Britain and Northern Ireland,2008,Developed,8.0,4,11.47,0.0,,1445,62.5,4,92.0,8.85,92.0,0.1,,,0.8,0.5,,
899,Fiji,2014,Developing,19.0,0,0.01,50.539484,99.0,0,61.9,0,99.0,4.49,99.0,0.1,546.3728,88586.0,4.0,3.7,0.727,15.2
2538,Syrian Arab Republic,2014,Developing,294.0,7,0.01,0.0,47.0,594,56.2,8,52.0,3.25,43.0,0.1,,19239.0,6.3,6.1,0.575,9.0
254,Belgium,2001,Developed,1.0,1,11.01,2943.375396,6.0,83,58.5,1,96.0,8.29,95.0,0.1,23121.56635,128657.0,0.8,0.8,0.873,18.2
572,China,2003,Developing,13.0,391,2.96,122.9365349,75.0,71879,22.6,467,87.0,4.82,86.0,0.1,1288.642924,12884.0,5.3,4.7,0.61,9.9
1377,Kenya,2000,Developing,428.0,77,1.51,0.681685555,,21002,14.4,121,8.0,4.68,82.0,18.1,43.9797132,3145483.0,9.2,9.1,0.448,8.4
2051,Poland,2003,Developed,142.0,3,9.06,542.0235,97.0,48,54.5,3,98.0,6.22,99.0,0.1,5693.52416,382457.0,2.4,2.6,0.796,15.3
2521,Switzerland,2015,Developed,49.0,0,,0.0,,35,57.4,0,97.0,,97.0,0.1,8989.8424,8282396.0,0.4,0.3,0.938,16.0
168,Bahamas,2007,Developing,167.0,0,10.75,0.0,93.0,0,59.4,0,95.0,7.8,95.0,0.1,,,2.5,2.5,0.79,12.5
2240,Saudi Arabia,2008,Developing,98.0,9,0.09,15.50666857,98.0,158,62.4,10,98.0,2.87,98.0,0.1,237.83234,,7.2,7.3,0.779,12.8
2044,Poland,2010,Developed,13.0,2,10.59,220.4916851,98.0,13,58.4,2,96.0,6.88,99.0,0.1,12599.52486,3842794.0,2.1,2.2,0.822,15.1
1964,Panama,2010,Developing,122.0,1,6.94,1199.319976,94.0,0,54.2,2,95.0,8.5,94.0,0.1,7937.259931,3643222.0,2.0,1.9,0.756,12.8
918,Finland,2011,Developing,86.0,0,9.81,71.01620838,,27,6.6,0,99.0,9.1,99.0,0.1,579.72415,5388272.0,0.9,0.8,0.878,16.9
291,Bhutan,2012,Developing,223.0,0,0.01,188.7373664,97.0,1,21.9,1,97.0,3.7,97.0,0.6,2422.816,752967.0,16.1,16.7,0.581,12.3
792,Ecuador,2009,Developing,137.0,7,3.87,282.1440066,91.0,0,5.0,8,91.0,5.58,94.0,0.1,4255.56571,14691275.0,1.3,1.2,0.702,13.1
433,Côte d'Ivoire,2014,Developing,47.0,58,0.01,0.0,76.0,50,27.4,80,76.0,5.72,76.0,2.0,,,5.6,5.6,,
2836,Uzbekistan,2005,Developing,192.0,24,1.78,40.13342094,99.0,737,37.5,28,99.0,5.11,99.0,0.3,546.776852,26167.0,3.2,3.2,0.62,11.7
408,Burkina Faso,2007,Developing,293.0,46,4.58,73.92730583,89.0,12,15.1,83,93.0,6.63,89.0,1.7,475.11122,1425221.0,9.8,9.3,0.334,4.9
1315,Japan,2014,Developed,57.0,2,0.01,88.83362243,,462,28.6,3,99.0,1.23,96.0,0.1,3896.21151,127276.0,2.0,1.7,0.899,15.3
2308,Sierra Leone,2004,Developing,496.0,30,3.99,38.52454761,,7,18.8,47,69.0,11.66,65.0,2.1,263.145817,5439695.0,9.5,9.5,0.332,7.6
135,Austria,2008,Developed,76.0,0,12.0,8329.731655,83.0,448,54.2,0,83.0,1.6,83.0,0.1,51386.37665,8321496.0,1.7,1.9,0.864,15.1
2134,Romania,2000,Developed,175.0,4,10.16,152.6368899,98.0,35,51.4,5,99.0,4.33,99.0,0.1,1668.162731,22442971.0,4.0,4.3,0.703,11.5
2184,Saint Vincent and the Grenadines,2015,Developing,156.0,0,,0.0,98.0,0,54.1,0,97.0,,98.0,0.1,,,3.5,3.4,0.72,13.3
804,Egypt,2013,Developing,159.0,54,0.21,0.0,97.0,405,59.4,63,97.0,5.46,97.0,0.1,,,2.9,2.8,0.681,12.8
367,Brazil,2000,Developing,183.0,111,7.26,179.4777293,94.0,36,43.7,127,99.0,7.3,98.0,0.1,3739.11936,175287587.0,3.4,3.4,0.677,14.1
2557,Tajikistan,2011,Developing,166.0,10,0.32,51.9919227,96.0,1,37.4,12,97.0,5.98,96.0,0.2,834.5412953,7815949.0,3.7,3.7,0.608,11.1
1376,Kenya,2001,Developing,434.0,77,1.63,3.847602867,,11304,14.7,120,77.0,4.62,8.0,16.9,41.7763612,32321482.0,9.0,9.0,0.447,8.4
2225,Sao Tome and Principe,2007,Developing,217.0,0,4.14,49.93698173,87.0,0,24.7,0,98.0,7.44,97.0,1.2,894.927988,16311.0,6.7,6.6,0.527,10.3
2368,Solomon Islands,2008,Developing,193.0,0,1.09,19.74929219,89.0,0,44.7,0,94.0,5.97,89.0,0.1,125.79167,54477.0,1.2,1.2,0.489,9.2
2235,Saudi Arabia,2013,Developing,89.0,8,0.09,2047.113102,98.0,1164,66.4,9,98.0,4.25,98.0,0.1,24934.38614,,7.6,7.5,0.83,15.2
1379,Kiribati,2014,Developing,2.0,0,0.01,97.87193319,75.0,0,77.1,0,79.0,1.21,75.0,0.1,1684.54274,11458.0,0.1,0.1,0.597,11.9
831,El Salvador,2002,Developing,24.0,3,2.97,29.68529375,81.0,0,47.0,4,81.0,7.9,81.0,0.4,248.4125,59433.0,2.0,1.9,0.621,11.8
457,Cabo Verde,2006,Developing,129.0,0,4.25,26.45133197,95.0,0,24.9,0,97.0,5.11,96.0,0.6,234.28992,48795.0,8.3,8.3,0.596,11.9
1060,Guatemala,2013,Developing,189.0,11,1.93,582.1469583,85.0,0,49.3,13,84.0,6.3,85.0,0.4,3452.828934,15596214.0,1.2,1.2,0.611,10.7
701,Czechia,2003,Developed,122.0,0,13.01,0.0,92.0,30,6.4,0,97.0,7.13,97.0,0.1,,,2.2,2.2,,
859,Eritrea,2006,Developing,336.0,7,0.97,10.60269773,94.0,128,14.3,9,94.0,3.3,94.0,1.4,297.828588,466648.0,9.3,9.3,0.405,5.3
2611,Timor-Leste,2005,Developing,26.0,3,0.36,7.127144699,,203,13.5,3,55.0,1.5,55.0,0.1,478.331859,126484.0,12.0,11.9,0.492,10.6
1538,Luxembourg,2015,Developed,63.0,0,,0.0,94.0,0,61.3,0,99.0,,99.0,0.1,1199.8223,56964.0,1.0,0.9,0.896,13.9
210,Barbados,2013,Developing,11.0,0,8.74,263.0372838,91.0,0,53.0,0,91.0,7.57,91.0,0.1,15472.7814,,3.8,3.8,0.792,15.3
2180,Saint Lucia,2003,Developing,171.0,0,12.55,0.0,84.0,0,38.4,0,91.0,6.1,9.0,0.2,,,4.4,4.4,0.684,12.4
1215,Indonesia,2002,Developing,189.0,177,0.05,43.17867291,63.0,14492,16.7,222,8.0,2.27,7.0,0.1,899.5556857,2175859.0,11.0,11.1,0.608,10.6
2085,Qatar,2001,Developing,87.0,0,0.76,170.0494537,93.0,23,63.3,0,93.0,2.56,93.0,0.1,2843.63635,,4.8,4.5,0.809,12.6
1968,Panama,2006,Developing,125.0,1,5.72,631.1251711,88.0,0,51.1,2,98.0,7.0,88.0,0.1,5348.518399,339195.0,2.1,2.0,0.744,12.9
365,Brazil,2002,Developing,176.0,95,7.0,140.9824766,92.0,1,45.3,109,99.0,7.13,99.0,0.1,2819.649531,1815121.0,3.3,3.3,0.692,14.6
414,Burkina Faso,2001,Developing,344.0,48,4.56,23.1016899,,4174,12.5,93,62.0,4.85,62.0,3.6,235.4912324,11944587.0,11.2,1.8,0.0,3.5
1055,Grenada,2002,Developing,176.0,0,10.71,513.3465408,98.0,0,38.8,0,98.0,6.67,98.0,0.1,5292.232379,,4.1,4.1,0.0,14.4
768,Djibouti,2000,Developing,325.0,2,1.34,91.95075901,,183,28.2,2,46.0,5.75,46.0,4.1,768.176767,717584.0,6.4,6.1,0.361,2.9
507,Canada,2004,Developing,77.0,2,7.8,5513.329924,14.0,7,6.6,2,91.0,9.56,91.0,0.1,31979.87195,31995.0,0.5,0.4,0.881,15.8
2901,Yemen,2004,Developing,247.0,42,0.06,0.0,43.0,12708,33.3,56,72.0,4.9,72.0,0.1,,,13.9,13.9,0.464,8.4
883,Ethiopia,2014,Developing,234.0,140,0.01,89.95805845,77.0,12739,17.2,202,75.0,4.88,77.0,0.6,571.1622759,97366774.0,1.5,1.3,0.435,8.4
960,Gabon,2001,Developing,37.0,2,9.29,183.6980778,,5129,28.7,3,44.0,3.23,45.0,10.1,3976.14887,1262259.0,7.8,7.7,0.633,12.3
2937,Zimbabwe,2000,Developing,665.0,24,1.68,0.0,79.0,1483,25.5,39,78.0,7.1,78.0,43.5,547.3588785,12222251.0,11.0,11.2,0.434,9.8
407,Burkina Faso,2008,Developing,288.0,45,4.5,107.7988339,93.0,395,15.6,80,92.0,6.77,93.0,1.5,569.7612784,14689726.0,9.5,9.1,0.345,5.4
1813,Nepal,2015,Developing,165.0,17,,0.0,91.0,1599,19.1,21,9.0,,91.0,0.1,743.7653489,28656282.0,15.7,16.1,0.555,12.2
108,Armenia,2003,Developing,134.0,1,3.03,7.341493148,93.0,4,48.1,1,96.0,5.56,94.0,0.1,93.1661567,31786.0,2.0,2.1,0.657,10.8
2864,Venezuela (Bolivarian Republic of),2009,Developing,166.0,9,7.59,0.0,84.0,0,58.8,10,75.0,5.81,84.0,0.1,,,1.6,1.5,0.754,14.0
1224,Iran (Islamic Republic of),2009,Developing,122.0,23,0.03,0.0,99.0,262,52.5,27,99.0,7.63,99.0,0.1,,,7.7,7.9,0.728,12.8
486,Cameroon,2009,Developing,373.0,54,5.89,9.042540892,8.0,251,25.4,85,79.0,5.7,8.0,6.3,123.19538,19432541.0,6.3,6.3,0.473,9.2
2690,Turkey,2006,Developing,126.0,28,1.29,103.523776,82.0,34,58.5,34,9.0,5.81,9.0,0.1,834.869161,6876345.0,5.0,4.8,0.687,11.9
332,Bosnia and Herzegovina,2003,Developing,12.0,0,4.14,39.86518043,,18,49.4,0,87.0,7.94,87.0,0.1,2214.732246,3779247.0,3.0,3.0,0.0,12.1
1243,Iraq,2006,Developing,249.0,31,0.03,75.25799773,59.0,474,53.2,38,63.0,3.0,59.0,0.1,2351.812429,27697912.0,5.4,5.1,0.631,10.2
565,China,2010,Developing,92.0,231,5.75,5.660754839,99.0,38159,28.1,268,99.0,4.89,99.0,0.1,456.512487,133775.0,4.2,3.6,0.691,12.5
1907,Nigeria,2001,Developing,48.0,574,9.58,15.830985,,168107,17.3,936,36.0,3.25,27.0,5.1,351.7996666,125463434.0,14.1,14.1,0.0,8.0
2710,Turkmenistan,2002,Developing,229.0,7,2.33,130.3784829,96.0,11,38.7,8,99.0,3.34,98.0,0.1,967.917468,4612.0,3.5,3.5,0.0,10.2
2751,United Arab Emirates,2010,Developing,82.0,1,1.69,308.0660742,94.0,87,55.8,1,94.0,3.93,94.0,0.1,3549.14832,,5.1,4.9,0.826,13.3
415,Burkina Faso,2000,Developing,348.0,48,3.71,19.83929597,,6074,12.2,92,45.0,5.6,45.0,4.0,226.4759814,1167942.0,11.4,11.1,0.0,3.4
1393,Kiribati,2000,Developing,222.0,0,0.46,11.07543331,9.0,0,67.9,0,9.0,8.12,9.0,0.1,796.7937634,8446.0,0.2,0.2,0.0,10.0
2489,Swaziland,2015,Developing,373.0,2,,0.0,9.0,0,32.3,3,84.0,,9.0,7.1,3136.92511,131911.0,4.0,4.1,0.541,11.4
535,Chad,2008,Developing,394.0,46,0.45,49.09198224,17.0,63,16.4,80,3.0,2.92,19.0,4.7,929.772391,11133861.0,9.8,9.7,0.338,6.0
2691,Turkey,2005,Developing,129.0,30,1.29,832.9552058,85.0,6200,57.6,36,9.0,5.45,9.0,0.1,7384.354661,679346.0,5.0,4.9,0.681,11.9
876,Estonia,2005,Developing,189.0,0,15.52,153.5045263,95.0,2,55.5,0,96.0,5.2,96.0,0.1,1338.31322,1354775.0,2.1,2.2,0.812,15.9
528,Chad,2015,Developing,356.0,46,,0.0,46.0,418,19.1,77,52.0,,46.0,2.8,777.248751,149413.0,8.5,8.4,0.394,7.3
1496,Liberia,2009,Developing,277.0,10,3.75,5.592170255,64.0,6,24.0,13,84.0,14.39,81.0,2.1,33.667491,3811528.0,7.6,7.4,0.4,9.7
951,Gabon,2010,Developing,294.0,2,8.85,145.318282,67.0,1,33.5,3,68.0,3.41,67.0,7.0,8754.113376,16421.0,6.5,6.4,0.66,12.5
432,Côte d'Ivoire,2015,Developing,397.0,57,,0.0,83.0,65,28.0,79,81.0,,83.0,1.9,,,5.5,5.5,,
199,Bangladesh,2008,Developing,147.0,144,0.01,42.48865034,96.0,2660,14.0,186,96.0,2.85,96.0,0.1,615.7775411,14885814.0,19.3,19.9,0.52,8.6
1882,Niger,2010,Developing,252.0,50,0.12,5.883760536,7.0,372,17.3,95,75.0,6.36,7.0,0.9,348.151511,16425578.0,1.7,1.6,0.312,4.5
1817,Nepal,2011,Developing,172.0,22,0.27,112.1229028,92.0,2359,16.9,27,92.0,6.73,92.0,0.2,692.1166842,27327147.0,16.5,16.9,0.529,12.0
2871,Venezuela (Bolivarian Republic of),2002,Developing,167.0,10,6.89,0.0,6.0,2392,54.7,12,81.0,4.93,65.0,0.1,,,1.7,1.7,0.684,11.0
289,Bhutan,2014,Developing,216.0,0,0.01,209.3921344,99.0,0,23.6,1,98.0,3.57,99.0,0.5,2522.7968,776448.0,15.7,16.2,0.596,12.5
246,Belgium,2009,Developed,85.0,0,10.05,671.9376566,97.0,33,61.6,1,98.0,1.39,98.0,0.1,4488.5615,1796493.0,0.9,0.9,0.876,15.8
2342,Slovakia,2002,Developed,145.0,0,10.78,0.0,99.0,0,51.6,0,98.0,5.63,99.0,0.1,,,1.5,1.6,0.763,13.3
283,Benin,2004,Developing,285.0,25,1.15,10.73628066,75.0,262,2.1,39,74.0,4.56,72.0,2.1,583.493514,7754.0,8.9,8.8,0.423,8.1
1104,Guinea-Bissau,2001,Developing,32.0,5,2.55,0.868708478,,126,17.9,9,56.0,5.4,53.0,3.6,39.486749,1267512.0,1.0,1.0,0.0,6.7
231,Belarus,2008,Developing,224.0,1,14.67,501.8056141,98.0,0,58.2,1,98.0,5.95,97.0,0.1,6376.183153,9527985.0,2.1,2.3,0.755,15.1
443,Côte d'Ivoire,2004,Developing,472.0,64,3.08,0.0,67.0,3466,21.5,91,76.0,5.24,67.0,6.5,,,7.3,7.3,,
313,Bolivia (Plurinational State of),2006,Developing,219.0,11,3.23,0.0,83.0,0,46.7,15,82.0,5.19,83.0,0.2,,,1.3,1.2,0.625,14.3
2548,Syrian Arab Republic,2004,Developing,131.0,9,0.93,10.21129783,82.0,189,46.8,10,84.0,4.48,81.0,0.1,148.852738,1786638.0,6.5,6.3,0.61,10.6
800,Ecuador,2001,Developing,158.0,9,4.13,14.5887403,69.0,2,44.3,10,9.0,3.86,89.0,0.3,193.741571,12852755.0,1.6,1.5,0.67,12.4
96,Armenia,2015,Developing,118.0,1,,0.0,94.0,33,54.9,1,96.0,,94.0,0.1,369.654776,291695.0,2.1,2.2,0.741,12.7
1291,Italy,2006,Developed,65.0,2,8.44,473.1915451,96.0,439,58.8,2,97.0,8.82,96.0,0.1,3341.7482,58143979.0,0.5,0.5,0.856,16.0
2039,Poland,2015,Developed,117.0,2,,0.0,96.0,0,61.7,2,92.0,,98.0,0.1,12565.9876,37986412.0,1.9,2.0,0.852,16.4
988,Georgia,2005,Developing,128.0,1,4.7,9.444875415,79.0,1356,48.6,1,82.0,8.6,82.0,0.1,153.57521,419.0,2.8,2.9,0.703,12.2
1413,Kyrgyzstan,2012,Developing,18.0,3,0.01,0.0,96.0,0,42.2,4,94.0,6.97,96.0,0.1,,,3.2,3.3,0.638,12.3
2806,United States of America,2003,Developed,114.0,28,8.4,0.0,92.0,56,62.4,33,91.0,15.6,96.0,0.1,,,0.7,0.6,,
2532,Switzerland,2004,Developed,69.0,0,10.55,9495.540576,,39,52.8,0,95.0,1.96,93.0,0.1,53255.97631,7389625.0,0.6,0.4,0.895,15.1
2050,Poland,2004,Developed,143.0,2,9.19,648.0743453,98.0,11,55.0,3,99.0,6.19,99.0,0.1,6681.178818,38182222.0,2.4,2.5,0.8,15.5
1752,Morocco,2011,Developing,14.0,19,0.54,22.0945504,98.0,982,54.6,22,98.0,5.99,99.0,0.1,339.91616,32858823.0,6.3,6.2,0.612,11.2
104,Armenia,2007,Developing,132.0,1,3.99,44.57219966,85.0,1,49.7,1,9.0,4.31,88.0,0.1,3138.8873,293356.0,2.0,2.1,0.707,11.7
1116,Guyana,2005,Developing,238.0,1,7.35,17.46405901,93.0,0,39.0,1,93.0,5.83,93.0,1.8,198.455216,75946.0,5.7,5.5,0.619,11.4
2403,South Africa,2005,Developing,498.0,55,8.69,709.3170967,79.0,615,43.6,84,75.0,7.77,79.0,29.5,5414.634326,476667.24,11.6,13.9,0.609,12.9
2514,Sweden,2006,Developed,64.0,0,6.5,6369.516139,,19,55.7,0,98.0,8.95,98.0,0.1,46256.4716,9855.0,1.3,1.3,0.892,15.9
2716,Uganda,2013,Developing,325.0,71,0.01,90.76144414,78.0,7878,17.6,103,82.0,7.47,78.0,4.0,662.492293,37553726.0,5.7,5.7,0.478,10.0
226,Belarus,2013,Developing,23.0,0,14.66,1109.854619,98.0,16,61.1,1,98.0,6.7,98.0,0.1,7978.825443,9465997.0,2.0,2.0,0.796,15.7
663,Cuba,2009,Developing,11.0,1,4.01,818.8771016,96.0,0,56.9,1,99.0,11.78,96.0,0.1,5484.7763,,3.4,3.2,0.782,17.7
2076,Qatar,2010,Developing,76.0,0,1.16,37.76848819,97.0,295,66.0,0,98.0,2.9,97.0,0.1,736.22784,,5.0,4.6,0.825,12.0
1520,Libya,2001,Developing,147.0,3,0.01,362.3817951,93.0,633,53.4,3,94.0,4.6,94.0,0.1,6269.58123,,5.6,5.5,0.732,15.7
2322,Singapore,2006,Developed,66.0,0,1.55,2639.376955,95.0,23,3.5,0,95.0,3.66,95.0,0.1,33579.85948,,2.1,2.0,0.839,13.9
2390,Somalia,2002,Developing,348.0,47,0.01,0.0,,9559,18.6,77,4.0,,4.0,0.9,,,7.8,7.6,,
464,Cambodia,2015,Developing,174.0,10,,0.0,89.0,0,19.6,12,87.0,,89.0,0.2,1163.18977,15517635.0,1.9,1.9,0.558,10.9
1519,Libya,2002,Developing,146.0,3,0.01,29.13434871,91.0,3890,54.0,3,93.0,4.57,93.0,0.1,375.442638,,5.6,5.4,0.736,15.8
599,Comoros,2008,Developing,255.0,2,0.12,93.36788979,81.0,0,2.6,2,81.0,5.13,81.0,0.1,795.97519,657229.0,7.2,7.1,0.461,10.2
1509,Libya,2012,Developing,133.0,2,0.01,0.0,98.0,320,61.8,2,98.0,4.3,98.0,0.1,,,5.6,5.4,0.706,13.7
2791,United Republic of Tanzania,2002,Developing,46.0,106,3.37,0.0,89.0,5131,16.8,166,91.0,3.59,89.0,12.1,,,8.0,8.0,,
2386,Somalia,2006,Developing,337.0,51,0.01,0.0,,7,2.2,83,26.0,,26.0,0.9,,,7.4,7.2,,
1943,Pakistan,2014,Developing,162.0,359,0.01,62.29361092,72.0,1370,24.7,442,72.0,2.61,72.0,0.1,1316.98966,185546257.0,19.4,19.8,0.542,7.8
212,Barbados,2011,Developing,14.0,0,8.51,173.9825629,91.0,0,51.4,0,91.0,6.67,91.0,0.1,15534.1574,,3.8,3.8,0.78,15.5
12,Afghanistan,2003,Developing,295.0,87,0.01,11.08905273,65.0,798,13.4,122,41.0,8.82,41.0,0.1,198.7285436,2364851.0,19.7,19.9,0.373,6.5
913,Fiji,2000,Developing,221.0,0,2.05,31.25834616,98.0,0,5.2,0,91.0,3.87,9.0,0.1,276.1338,811223.0,4.3,4.0,0.681,13.1
422,Burundi,2009,Developing,338.0,23,4.05,2.030494673,94.0,305,15.7,34,96.0,6.96,94.0,2.4,24.944652,848931.0,7.8,7.8,0.336,8.6
1323,Japan,2006,Developed,68.0,3,7.49,6502.136974,,520,24.9,4,95.0,8.19,98.0,0.1,35433.98896,127854.0,1.7,1.5,0.873,14.9
2584,Thailand,2000,Developing,194.0,18,5.88,0.27564826,95.0,4074,18.7,21,97.0,3.4,97.0,0.8,27.564826,6295821.0,9.4,9.7,0.64,10.9
2247,Saudi Arabia,2001,Developing,17.0,10,0.05,710.4952397,95.0,155,56.9,12,97.0,4.49,97.0,0.1,8643.4944,,7.3,7.3,0.742,12.0
1770,Mozambique,2009,Developing,4.0,70,1.18,39.75216936,74.0,60,2.1,101,74.0,5.43,74.0,11.3,463.852618,2352463.0,3.7,3.6,0.382,9.2
2625,Togo,2007,Developing,344.0,14,1.37,0.675682939,,8,19.8,22,72.0,5.55,82.0,5.1,42.764743,5997385.0,7.9,7.8,0.443,10.6
509,Canada,2002,Developing,79.0,2,7.7,3895.856308,,6,59.3,2,88.0,9.37,88.0,0.1,24167.8431,31362.0,0.5,0.4,0.872,15.8
1273,Israel,2008,Developing,65.0,1,2.47,471.5533294,99.0,931,62.1,1,94.0,7.33,94.0,0.1,29657.4421,7388.0,1.1,1.1,0.877,15.8
678,Cyprus,2010,Developed,59.0,0,11.32,283.3300258,96.0,18,57.8,0,99.0,7.23,99.0,0.1,3818.46396,111267.0,0.9,1.0,0.853,14.6
2187,Saint Vincent and the Grenadines,2012,Developing,159.0,0,6.93,0.0,96.0,0,51.2,0,96.0,8.48,96.0,0.1,,,3.5,3.5,0.713,13.3
2588,The former Yugoslav republic of Macedonia,2012,Developing,15.0,0,1.23,0.0,98.0,7,58.5,0,97.0,6.76,95.0,0.1,,,2.2,2.2,0.739,12.9
518,Central African Republic,2009,Developing,453.0,17,1.56,40.45156933,42.0,11,19.8,25,45.0,3.58,42.0,7.3,449.961839,44423.0,9.1,9.1,0.345,6.4
2934,Zimbabwe,2003,Developing,715.0,26,4.06,0.0,7.0,998,26.7,41,7.0,6.52,68.0,36.7,453.3511552,12633897.0,9.8,9.9,0.418,9.5
1029,Greece,2012,Developing,76.0,0,8.2,2528.992935,98.0,3,64.9,0,99.0,9.24,99.0,0.1,22242.68193,114511.0,0.8,0.7,0.858,16.8
1946,Pakistan,2011,Developing,167.0,371,0.04,57.87736282,74.0,4386,22.5,459,75.0,3.1,74.0,0.1,1226.215314,174184265.0,2.0,2.4,0.525,7.5
1066,Guatemala,2007,Developing,192.0,13,2.4,380.9632429,85.0,0,45.2,16,85.0,6.86,85.0,0.4,2489.955836,137286.0,1.3,1.3,0.578,10.1
2143,Russian Federation,2007,Developing,282.0,16,12.19,11.02617159,98.0,173,56.1,19,98.0,5.38,98.0,0.3,911.25385,1428588.0,2.4,2.6,0.761,13.8
864,Eritrea,2001,Developing,345.0,7,0.61,5.593619538,,204,12.8,10,89.0,3.95,86.0,2.0,215.139213,3497124.0,1.0,1.0,0.0,4.3
1479,Lesotho,2010,Developing,527.0,4,2.71,154.8705998,93.0,2488,29.7,6,92.0,1.87,93.0,13.4,1173.26212,24551.0,7.2,7.0,0.464,10.9
1799,Namibia,2012,Developing,232.0,3,0.01,796.8734263,84.0,86,33.3,4,84.0,8.24,84.0,3.7,5749.44752,2263934.0,9.5,9.4,0.619,11.5
2849,Vanuatu,2008,Developing,153.0,0,1.18,345.339056,61.0,0,47.4,0,66.0,3.66,67.0,0.1,2697.961375,22534.0,1.5,1.5,0.582,10.7
358,Brazil,2009,Developing,157.0,57,7.33,564.5233902,99.0,0,51.1,64,99.0,8.65,99.0,0.1,8553.3847,194895996.0,3.0,2.9,0.714,13.8
2096,Republic of Korea,2006,Developing,79.0,2,8.83,0.0,99.0,28,27.7,2,98.0,5.76,98.0,0.1,,,1.5,1.0,,
2505,Sweden,2015,Developed,53.0,0,,0.0,67.0,22,59.5,0,98.0,,98.0,0.1,5585.25847,9799186.0,1.5,1.4,0.909,15.9
259,Belize,2012,Developing,189.0,0,6.66,582.8027185,98.0,0,48.5,0,98.0,5.45,98.0,0.1,4673.63848,33671.0,3.5,3.4,0.702,12.5
686,Cyprus,2002,Developed,68.0,0,11.68,1128.050886,88.0,0,53.8,0,98.0,6.12,98.0,0.1,16372.29152,976966.0,0.9,1.0,0.805,12.5
2343,Slovakia,2001,Developed,145.0,0,10.73,0.0,99.0,0,51.1,1,99.0,5.5,99.0,0.1,,,1.5,1.6,0.763,13.3
2393,South Africa,2015,Developing,328.0,42,,0.0,75.0,17,51.1,52,75.0,,75.0,3.6,5769.77258,5511976.68,4.4,5.3,0.665,13.0
2103,Republic of Moldova,2015,Developing,157.0,1,,0.0,88.0,0,53.4,1,88.0,,87.0,0.1,,,2.7,2.8,,
2358,Slovenia,2002,Developed,117.0,0,9.29,1617.473418,,0,52.3,0,93.0,8.62,93.0,0.1,11814.9994,199453.0,2.1,2.2,0.835,15.6
844,Equatorial Guinea,2005,Developing,337.0,3,7.19,12.0661671,,0,2.2,4,5.0,1.63,39.0,4.9,185.63334,757317.0,9.8,9.8,0.563,8.7
1397,Kuwait,2012,Developing,84.0,1,0.01,2957.973963,98.0,27,69.5,1,98.0,2.57,98.0,0.1,51264.7134,,3.4,3.3,0.794,13.2
846,Equatorial Guinea,2003,Developing,334.0,3,7.13,309.7834587,,18,19.5,4,46.0,2.23,37.0,3.6,3577.176197,694611.0,1.2,1.1,0.554,8.4
2660,Trinidad and Tobago,2004,Developing,19.0,0,5.82,11.85100131,94.0,0,36.8,0,94.0,5.22,94.0,1.0,129.51914,129535.0,6.3,6.8,0.736,12.2
2275,Serbia,2005,Developing,135.0,1,9.6,503.1115947,65.0,2,53.9,1,98.0,8.7,98.0,0.1,3528.1318,744769.0,2.5,2.6,0.73,13.2
456,Cabo Verde,2007,Developing,126.0,0,5.28,345.463714,96.0,0,25.5,0,98.0,4.3,98.0,0.6,3112.285712,486438.0,8.1,8.0,0.602,11.9
462,Cabo Verde,2001,Developing,152.0,0,3.81,150.7434862,,0,22.1,0,91.0,5.19,9.0,0.8,1268.884564,443716.0,9.4,9.3,0.562,11.0
2174,Saint Lucia,2009,Developing,147.0,0,11.09,0.0,95.0,0,43.0,0,95.0,8.12,95.0,0.1,,,4.3,4.4,0.717,12.7
2452,Sri Lanka,2004,Developing,197.0,6,1.56,15.35342268,62.0,35,16.1,10,97.0,4.28,97.0,0.1,174.6692,19228.0,15.4,15.5,0.705,12.8
381,Brunei Darussalam,2002,Developing,95.0,0,0.13,941.7036868,99.0,0,28.0,0,99.0,3.4,94.0,0.1,16846.2198,,6.7,6.1,0.82,13.3
1784,Myanmar,2011,Developing,27.0,47,0.33,21.23698847,4.0,2046,2.5,61,9.0,1.87,84.0,0.5,1186.423937,555331.0,13.0,13.3,0.526,9.1
964,Gambia,2013,Developing,266.0,3,0.01,0.0,97.0,0,26.0,5,96.0,6.49,97.0,1.6,,,7.6,7.5,0.445,8.9
1945,Pakistan,2012,Developing,165.0,369,0.04,59.65900139,72.0,8046,23.2,456,72.0,2.76,72.0,0.1,1261.28967,177911533.0,19.8,2.2,0.529,7.6
